PRODUCT CATEGORY,PRODUCT SUB CATEGORY,PRODUCT NAME,STOCKCODE,BRAND NAME,COLOURS,PRICE,DISCOUNTED PRICE,OUT OF STOCK,IMAGE1,ITEM DESCRIPTION / FEATURES,UNIT,CLEARANCE (Y/N),CLEARANCE FROM,Clearance to (Expiry Date),New Arrival (Y/N),New Arrival (Start Date),New Arrival (End Date),
UNIFORMS,FOOTBALL GOAL KEEPER UNIFORMS,G/K Jersey Campeon,880000600,ADIDAS,BLACK/WHITE,6200,3500,N,UNIFORMS_FOOTBALL_GOAL_KEEPER_UNIFORMS_G_K_Jersey_Campeon_ADIDAS_0880000600.JPG,,PC,Y,01/02/2016,29/02/2016,N,,,
UNIFORMS,FOOTBALL GOAL KEEPER UNIFORMS,G/K Jersey F50 Ss,880000458,ADIDAS,,,,N,UNIFORMS_FOOTBALL_GOAL_KEEPER_UNIFORMS_G_K_Jersey_F50_Ss_ADIDAS_0880000458.JPG,,PC,N,,,N,,,
UNIFORMS,FOOTBALL GOAL KEEPER UNIFORMS,G/K Jersey Fineknit,980000032,CONNATE,B YELLOW/WHITE,,,N,UNIFORMS_FOOTBALL_GOAL_KEEPER_UNIFORMS_G_K_Jersey_Fineknit_CONNATE_0980000032.JPG,,EACH,N,,,N,,,
UNIFORMS,FOOTBALL GOAL KEEPER UNIFORMS,G/K Jersey Graphic,880000295,ADIDAS,BLACK/GREY/L.GREEN,4200,2000,N,UNIFORMS_FOOTBALL_GOAL_KEEPER_UNIFORMS_G_K_Jersey_Graphic_ADIDAS_0880000295.JPG,,PC,Y,01/02/2016,29/02/2016,N,,,
UNIFORMS,FOOTBALL GOAL KEEPER UNIFORMS,G/K Jersey L/Slv Powercat 1.12,790000384,PUMA,DKGREY/LIME,6600,4000,N,UNIFORMS_FOOTBALL_GOAL_KEEPER_UNIFORMS_G_K_Jersey_L_Slv_Powercat_1_12_PUMA_0790000384.JPG,,PC,Y,01/02/2016,29/02/2016,N,,,
UNIFORMS,FOOTBALL GOAL KEEPER UNIFORMS,G/K Jersey L/Slv Powercat 3.10,790000383,PUMA,GREY/LIME,5500,3500,N,UNIFORMS_FOOTBALL_GOAL_KEEPER_UNIFORMS_G_K_Jersey_L_Slv_Powercat_3_10_PUMA_0790000383.JPG,,PC,Y,01/02/2016,29/02/2016,N,,,
UNIFORMS,FOOTBALL GOAL KEEPER UNIFORMS,G/K Jersey L/Slv Speed,790000385,PUMA,LT BRWN/SKY,,,N,UNIFORMS_FOOTBALL_GOAL_KEEPER_UNIFORMS_G_K_Jersey_L_Slv_Speed_PUMA_0790000385.JPG,,PC,N,,,N,,,
UNIFORMS,FOOTBALL GOAL KEEPER UNIFORMS,G/K Jersey L/Slv V3.08,790000382,PUMA,L-GREEN/BLACK,7000,4000,N,UNIFORMS_FOOTBALL_GOAL_KEEPER_UNIFORMS_G_K_Jersey_L_Slv_V3_08_PUMA_0790000382.JPG,,PC,Y,01/02/2016,29/02/2016,N,,,
UNIFORMS,FOOTBALL GOAL KEEPER UNIFORMS,G/K Jersey Parada,880000294,ADIDAS,YELLOW/BLACK/RED,4200,2000,N,UNIFORMS_FOOTBALL_GOAL_KEEPER_UNIFORMS_G_K_Jersey_Parada_ADIDAS_0880000294.JPG,,PC,Y,01/02/2016,29/02/2016,N,,,
UNIFORMS,FOOTBALL GOAL KEEPER UNIFORMS,G/K Jersey Trofeo,880000338,ADIDAS,,,,Y,UNIFORMS_FOOTBALL_GOAL_KEEPER_UNIFORMS_G_K_Jersey_Trofeo_ADIDAS_0880000338.JPG,,PC,N,,,N,,,
UNIFORMS,FOOTBALL GOAL KEEPER UNIFORMS,G/K Jersey V3.08,790000227,PUMA,BLACK/WHITE,5300,1500,N,UNIFORMS_FOOTBALL_GOAL_KEEPER_UNIFORMS_G_K_Jersey_V3_08_PUMA_0790000227.JPG,,EACH,Y,01/02/2016,29/02/2016,N,,,
UNIFORMS,FOOTBALL GOAL KEEPER UNIFORMS,G/K Jersey V3.08 Graph L/Sleev,790000216,PUMA,GREEN/BLACK,,,N,UNIFORMS_FOOTBALL_GOAL_KEEPER_UNIFORMS_G_K_Jersey_V3_08_Graph_L_Sleev_PUMA_0790000216.JPG,,PC,N,,,N,,,
UNIFORMS,FOOTBALL GOAL KEEPER UNIFORMS,G/K Jersey V3.08 L/Sleeve,790000215,PUMA,ORANGE/BLACK,,,N,UNIFORMS_FOOTBALL_GOAL_KEEPER_UNIFORMS_G_K_Jersey_V3_08_L_Sleeve_PUMA_0790000215.JPG,,PC,N,,,N,,,
UNIFORMS,FOOTBALL GOAL KEEPER UNIFORMS,ssssssss,121000058,PEAK,TURQUOISE/BLK,1600,1000,N,UNIFORMS_FOOTBALL_GOAL_KEEPER_UNIFORMS_G_K_Long_Sleeve_Shirt_PEAK_0121000058.JPG,,PC,Y,01/02/2016,29/02/2016,N,,,
UNIFORMS,FOOTBALL GOAL KEEPER UNIFORMS,G/K Long Sleeve Shirt,121000059,PEAK,BLK/GRY,,,N,UNIFORMS_FOOTBALL_GOAL_KEEPER_UNIFORMS_G_K_Long_Sleeve_Shirt_PEAK_0121000059.JPG,,PC,N,,,N,,,
UNIFORMS,FOOTBALL GOAL KEEPER UNIFORMS,G/K Pant,121000061,PEAK,BLK/WHT,,,Y,UNIFORMS_FOOTBALL_GOAL_KEEPER_UNIFORMS_G_K_Pant_PEAK_0121000061.JPG,,PC,N,,,N,,,
UNIFORMS,FOOTBALL GOAL KEEPER UNIFORMS,G/K Pant,790000388,PUMA,BLACK,5000,3000,N,UNIFORMS_FOOTBALL_GOAL_KEEPER_UNIFORMS_G_K_Pant_PUMA_0790000388.JPG,,PC,Y,01/02/2016,29/02/2016,N,,,
UNIFORMS,FOOTBALL GOAL KEEPER UNIFORMS,G/K Pant Brasil,980000132,CONNATE,B.GRN,,,N,UNIFORMS_FOOTBALL_GOAL_KEEPER_UNIFORMS_G_K_Pant_Brasil_CONNATE_0980000132.JPG,,EACH,N,,,N,,,
UNIFORMS,FOOTBALL GOAL KEEPER UNIFORMS,G/K Pant Long,790000217,PUMA,BLACK/WHITE,6800,2500,N,UNIFORMS_FOOTBALL_GOAL_KEEPER_UNIFORMS_G_K_Pant_Long_PUMA_0790000217.JPG,,PR,Y,01/02/2016,29/02/2016,N,,,
UNIFORMS,FOOTBALL GOAL KEEPER UNIFORMS,G/K Pant Tierro,880000315,ADIDAS,,,,Y,UNIFORMS_FOOTBALL_GOAL_KEEPER_UNIFORMS_G_K_Pant_Tierro_ADIDAS_0880000315.JPG,,PR,N,,,N,,,
UNIFORMS,FOOTBALL GOAL KEEPER UNIFORMS,G/K Shorts,121000060,PEAK,BLK/WHT,,,Y,UNIFORMS_FOOTBALL_GOAL_KEEPER_UNIFORMS_G_K_Shorts_PEAK_0121000060.JPG,,PC,N,,,N,,,
UNIFORMS,FOOTBALL GOAL KEEPER UNIFORMS,G/K Shorts,790000386,PUMA,BLACK,3800,2000,N,UNIFORMS_FOOTBALL_GOAL_KEEPER_UNIFORMS_G_K_Shorts_PUMA_0790000386.JPG,,PC,Y,01/02/2016,29/02/2016,N,,,
UNIFORMS,FOOTBALL GOAL KEEPER UNIFORMS,G/K Shorts Fineknit,980000033,CONNATE,BLACK,,,N,UNIFORMS_FOOTBALL_GOAL_KEEPER_UNIFORMS_G_K_Shorts_Fineknit_CONNATE_0980000033.JPG,,EACH,N,,,N,,,
UNIFORMS,FOOTBALL GOAL KEEPER UNIFORMS,G/K Shorts Padded Olympia,980000313,CONNATE,BLACK,,,N,,,PC,N,,,N,,,
UNIFORMS,FOOTBALL GOAL KEEPER UNIFORMS,G/K Shorts Powercat 1.12,790000387,PUMA,DKGREY/LIME,,,N,UNIFORMS_FOOTBALL_GOAL_KEEPER_UNIFORMS_G_K_Shorts_Powercat_1_12_PUMA_0790000387.JPG,,PC,N,,,N,,,
UNIFORMS,FOOTBALL GOAL KEEPER UNIFORMS,G/K Shorts Team,790000218,PUMA,BLACK/WHITE,4000,2000,N,UNIFORMS_FOOTBALL_GOAL_KEEPER_UNIFORMS_G_K_Shorts_Team_PUMA_0790000218.JPG,,PR,Y,01/02/2016,29/02/2016,N,,,
UNIFORMS,FOOTBALL REFEREE UNIFORMS,Jersey Referee,980000205,CONNATE,BLACK/WHITE,,,N,UNIFORMS_FOOTBALL_REFEREE_UNIFORMS_Jersey_Referee_CONNATE_0980000205.JPG,,EACH,N,,,N,,,
UNIFORMS,FOOTBALL REFEREE UNIFORMS,Short Referee,980000206,CONNATE,BLACK,,,N,UNIFORMS_FOOTBALL_REFEREE_UNIFORMS_Short_Referee_CONNATE_0980000206.JPG,,EACH,N,,,N,,,
UNIFORMS,FOOTBALL STOCKINGS,Stockings Adisock 12,880002065,ADIDAS,WHITE/GREY/BLACK,,,N,UNIFORMS_FOOTBALL_STOCKINGS_Stockings_Adisock_12_ADIDAS_0880002065.JPG,,PAIR,N,,,N,,,
UNIFORMS,FOOTBALL STOCKINGS,Stockings Adisock 12,880002066,ADIDAS,BLACK/WHITE,,,N,UNIFORMS_FOOTBALL_STOCKINGS_Stockings_Adisock_12_ADIDAS_0880002066.JPG,,PAIR,N,,,N,,,
UNIFORMS,FOOTBALL STOCKINGS,Stockings Adisock 12,880002067,ADIDAS,YELLOW/GREY/BLACK,,,N,UNIFORMS_FOOTBALL_STOCKINGS_Stockings_Adisock_12_ADIDAS_0880002067.JPG,,PAIR,N,,,N,,,
UNIFORMS,FOOTBALL STOCKINGS,Stockings Adisock -3Str Black/White,880000559,ADIDAS,BLACK/WHITE,,,N,UNIFORMS_FOOTBALL_STOCKINGS_Stockings_Adisock_3Str_Black_White_ADIDAS_0880000559.JPG,,PAIR,N,,,N,,,
UNIFORMS,FOOTBALL STOCKINGS,Stockings Adisock -3Str Grn/Wht,880000765,ADIDAS,GREEN/WHITE,,,N,UNIFORMS_FOOTBALL_STOCKINGS_Stockings_Adisock_3Str_Grn_Wht_ADIDAS_0880000765.JPG,,PAIR,N,,,N,,,
UNIFORMS,FOOTBALL STOCKINGS,Stockings Adisock -3Str White/Royal,880000556,ADIDAS,WHITE/ROYAL,,,N,UNIFORMS_FOOTBALL_STOCKINGS_Stockings_Adisock_3Str_White_Royal_ADIDAS_0880000556.JPG,,PAIR,N,,,N,,,
UNIFORMS,FOOTBALL STOCKINGS,Stockings Adisock -3Str Yell/Blk,880000767,ADIDAS,YELLOW/BLACK,,,N,UNIFORMS_FOOTBALL_STOCKINGS_Stockings_Adisock_3Str_Yell_Blk_ADIDAS_0880000767.JPG,,PAIR,N,,,N,,,
UNIFORMS,FOOTBALL STOCKINGS,Stockings Calcio 24,983000004,JOMA,BLACK/WHITE,,,N,UNIFORMS_FOOTBALL_STOCKINGS_Stockings_Calcio_24_JOMA_0983000004.JPG,,PAIR,N,,,N,,,
UNIFORMS,FOOTBALL STOCKINGS,Stockings Classic 2,983000005,JOMA,BLACK,,,N,UNIFORMS_FOOTBALL_STOCKINGS_Stockings_Classic_2_JOMA_0983000005.JPG,,PAIR,N,,,N,,,
UNIFORMS,FOOTBALL STOCKINGS,Stockings F/Ball Polynylon,4900040300,CONNATE,BLACK/WHIT,,,N,UNIFORMS_FOOTBALL_STOCKINGS_Stockings_F_Ball_Polynylon_CONNATE_4900040300.JPG,,PR,N,,,N,,,
UNIFORMS,FOOTBALL STOCKINGS,Stockings F/Ball Polynylon 100% (Hoops),4900000147,CONNATE,NAVY/WHITE,,,N,UNIFORMS_FOOTBALL_STOCKINGS_Stockings_F_Ball_Polynylon_100_Hoops_CONNATE_4900000147.JPG,,PAIR,N,,,N,,,
UNIFORMS,FOOTBALL STOCKINGS,Stockings F50 Training,880000506,ADIDAS,BLACK/MAROON/YELLOW,,,N,UNIFORMS_FOOTBALL_STOCKINGS_Stockings_F50_Training_ADIDAS_0880000506.JPG,,PAIR,N,,,N,,,
UNIFORMS,FOOTBALL STOCKINGS,Stockings Football Senior,121000009,PEAK,BLACK/WHITE,,,N,UNIFORMS_FOOTBALL_STOCKINGS_Stockings_Football_Senior_PEAK_0121000009.JPG,,PAIR,N,,,N,,,
UNIFORMS,FOOTBALL STOCKINGS,Stockings Football Speed,790000389,PUMA,GREEN/RED,,,N,UNIFORMS_FOOTBALL_STOCKINGS_Stockings_Football_Speed_PUMA_0790000389.JPG,,PAIR,N,,,N,,,
UNIFORMS,FOOTBALL STOCKINGS,Stockings Football Vencida,790000390,PUMA,GREEN/WHITE,,,N,UNIFORMS_FOOTBALL_STOCKINGS_Stockings_Football_Vencida_PUMA_0790000390.JPG,,PAIR,N,,,N,,,
UNIFORMS,FOOTBALL STOCKINGS,Stockings Kenya Stripe Youth,4900000064,CONNATE,GREEN/RED/BLACK/WHITE,,,N,UNIFORMS_FOOTBALL_STOCKINGS_Stockings_Kenya_Stripe_Youth_CONNATE_4900000064.JPG,,PR,N,,,N,,,
UNIFORMS,FOOTBALL STOCKINGS,Stockings Mesuca,4900000148,MESUCA,BLACK,,,N,UNIFORMS_FOOTBALL_STOCKINGS_Stockings_Mesuca_MESUCA_4900000148.JPG,,PAIR,N,,,N,,,
UNIFORMS,FOOTBALL STOCKINGS,Stockings New Santos,880000302,ADIDAS,WHITE/BLACK,,,N,UNIFORMS_FOOTBALL_STOCKINGS_Stockings_New_Santos_ADIDAS_0880000302.JPG,,PR,N,,,N,,,
UNIFORMS,FOOTBALL STOCKINGS,Stockings New Santos,880000303,ADIDAS,BLACK/WHITE,,,N,UNIFORMS_FOOTBALL_STOCKINGS_Stockings_New_Santos_ADIDAS_0880000303.JPG,,PR,N,,,N,,,
UNIFORMS,FOOTBALL STOCKINGS,Stockings Orange/White,4900000083,MESUCA,ORANGE/WHITE,,,N,UNIFORMS_FOOTBALL_STOCKINGS_Stockings_Orange_White_MESUCA_4900000083.JPG,,PR,N,,,N,,,
UNIFORMS,FOOTBALL STOCKINGS,Stockings Plain S.Yell,4900000118,MESUCA,S.YELLOW,,,N,UNIFORMS_FOOTBALL_STOCKINGS_Stockings_Plain_S_Yell_MESUCA_4900000118.JPG,,PAIR,N,,,N,,,
UNIFORMS,FOOTBALL STOCKINGS,Stockings Soccer,790000226,PUMA,BLACK/GOLD,,,N,UNIFORMS_FOOTBALL_STOCKINGS_Stockings_Soccer_PUMA_0790000226.JPG,,EACH,N,,,N,,,
UNIFORMS,FOOTBALL STOCKINGS,Stockings Soccer Green/White-Sb54282-P,4900000074,MESUCA,GREEN/WHITE,,,N,UNIFORMS_FOOTBALL_STOCKINGS_Stockings_Soccer_Green_White_Sb54282_P_MESUCA_4900000074.JPG,,PR,N,,,N,,,
UNIFORMS,FOOTBALL STOCKINGS,Stockings Soccer Plain Orange-Sb54282-R,4900000112,MESUCA,ORANGE,,,N,UNIFORMS_FOOTBALL_STOCKINGS_Stockings_Soccer_Plain_Orange_Sb54282_R_MESUCA_4900000112.JPG,,PAIR,N,,,N,,,
UNIFORMS,FOOTBALL STOCKINGS,Stockings Soccer Plain P.Green-Sb54282-R,4900000113,MESUCA,P.GREEN,,,N,UNIFORMS_FOOTBALL_STOCKINGS_Stockings_Soccer_Plain_P_Green_Sb54282_R_MESUCA_4900000113.JPG,,PAIR,N,,,N,,,
UNIFORMS,FOOTBALL STOCKINGS,Stockings Soccer Red/White-Sb54282-P,4900000072,MESUCA,RED/WHITE,,,N,UNIFORMS_FOOTBALL_STOCKINGS_Stockings_Soccer_Red_White_Sb54282_P_MESUCA_4900000072.JPG,,PR,N,,,N,,,
UNIFORMS,FOOTBALL STOCKINGS,Stockings Solid Crew (Pack Of 3Pairs),880002254,ADIDAS,GREY/RED/PURPLE,,,N,,,PACK,N,,,N,,,
UNIFORMS,FOOTBALL STOCKINGS,Stockings Solid Crew (Pack Of 3Pairs),880002255,ADIDAS,WHITE,,,N,UNIFORMS_FOOTBALL_STOCKINGS_Stockings_Solid_Crew_Pack_Of_3Pairs_ADIDAS_0880002255.JPG,,PACK,N,,,N,,,
UNIFORMS,FOOTBALL STOCKINGS,Stockings Solid Crew (Pack Of 3Pairs),880002256,ADIDAS,BLACK,,,N,UNIFORMS_FOOTBALL_STOCKINGS_Stockings_Solid_Crew_Pack_Of_3Pairs_ADIDAS_0880002256.JPG,,PACK,N,,,N,,,
UNIFORMS,FOOTBALL STOCKINGS,Stockings Tusker Fc ,4900000069,TK,,,,N,,,PAIR,N,,,N,,,
UNIFORMS,FOOTBALL STOCKINGS,Stockings White/Yellow,4900000084,MESUCA,WHITE/YELLOW,,,N,UNIFORMS_FOOTBALL_STOCKINGS_Stockings_White_Yellow_MESUCA_4900000084.JPG,,PR,N,,,N,,,
UNIFORMS,FOOTBALL STOCKINGS,Stockings Yellow/White,4900000075,MESUCA,YELLOW/WHITE,,,N,UNIFORMS_FOOTBALL_STOCKINGS_Stockings_Yellow_White_MESUCA_4900000075.JPG,,PR,N,,,N,,,
UNIFORMS,FOOTBALL STOCKINGS,Stockings Zebra,983000006,JOMA,BLACK/RED,,,N,UNIFORMS_FOOTBALL_STOCKINGS_Stockings_Zebra_JOMA_0983000006.JPG,,PAIR,N,,,N,,,
UNIFORMS,FOOTBALL UNIFORMS,F/Ball Uniform  Europa Ii/Real Jer/Shr Set Of 16,983000017,JOMA,NAVY/SKY,,,Y,,,SET,N,,,N,,,
UNIFORMS,FOOTBALL UNIFORMS,F/Ball Uniform  Europa Ii/Tokio Jersey/Short ,983000016,JOMA,BLACK/WHITE,,,N,UNIFORMS_FOOTBALL_UNIFORMS_F_Ball_Uniform_Europa_Ii_Tokio_Jersey_Short_JOMA_0983000016.JPG,,SET,N,,,N,,,
UNIFORMS,FOOTBALL UNIFORMS,F/Ball Uniform (12 Pcs),980000243,CONNATE,,,,N,UNIFORMS_FOOTBALL_UNIFORMS_F_Ball_Uniform_12_Pcs_CONNATE_0980000243.JPG,,SET,N,,,N,,,
UNIFORMS,FOOTBALL UNIFORMS,F/Ball Uniform Asst Set,980000260,OTHERS,,,,N,UNIFORMS_FOOTBALL_UNIFORMS_F_Ball_Uniform_Asst_Set_OTHERS_0980000260.JPG,,SET,N,,,N,,,
UNIFORMS,FOOTBALL UNIFORMS,F/Ball Uniform Bari Jer+Shrt Navy/Orng-Ps09-01,7008000067,MESUCA,NAVY/ORANGE,,,N,UNIFORMS_FOOTBALL_UNIFORMS_F_Ball_Uniform_Bari_Jer_Shrt_Navy_Orng_Ps09_01_MESUCA_7008000067.JPG,,SET,N,,,N,,,
UNIFORMS,FOOTBALL UNIFORMS,F/Ball Uniform Bari Jer+Shrt White/Black-Ps09-,7008000074,MESUCA,WHITE/BLACK,,,N,UNIFORMS_FOOTBALL_UNIFORMS_F_Ball_Uniform_Bari_Jer_Shrt_White_Black_Ps09_MESUCA_7008000074.JPG,,SET,N,,,N,,,
UNIFORMS,FOOTBALL UNIFORMS,F/Ball Uniform Bari Jersey/Short,7008000066,MESUCA,P.GREEN/S.YELLOW,,,N,,,SET,N,,,N,,,
UNIFORMS,FOOTBALL UNIFORMS,F/Ball Uniform Bari Jersey/Short,7008000068,MESUCA,ROYAL/SKY,,,N,UNIFORMS_FOOTBALL_UNIFORMS_F_Ball_Uniform_Bari_Jersey_Short_MESUCA_7008000068.JPG,,SET,N,,,N,,,
UNIFORMS,FOOTBALL UNIFORMS,F/Ball Uniform Bari Jersey/Short,7008000069,MESUCA,S.YELLOW/ROYAL,,,N,UNIFORMS_FOOTBALL_UNIFORMS_F_Ball_Uniform_Bari_Jersey_Short_MESUCA_7008000069.JPG,,SET,N,,,N,,,
UNIFORMS,FOOTBALL UNIFORMS,F/Ball Uniform Bari Jersey/Short,7008000070,MESUCA,PURPLE/BLACK,,,N,UNIFORMS_FOOTBALL_UNIFORMS_F_Ball_Uniform_Bari_Jersey_Short_MESUCA_7008000070.JPG,,SET,N,,,N,,,
UNIFORMS,FOOTBALL UNIFORMS,F/Ball Uniform Bari Jersey/Short,7008000071,MESUCA,ORANGE/ROYAL,,,N,UNIFORMS_FOOTBALL_UNIFORMS_F_Ball_Uniform_Bari_Jersey_Short_MESUCA_7008000071.JPG,,SET,N,,,N,,,
UNIFORMS,FOOTBALL UNIFORMS,F/Ball Uniform Bari Jersey/Short,7008000073,MESUCA,WHITE/K.GREEN,,,N,,,SET,N,,,N,,,
UNIFORMS,FOOTBALL UNIFORMS,F/Ball Uniform Champion Iii/Tokio Jersey/Short,983000026,JOMA,BLACK/WHITE,,,Y,UNIFORMS_FOOTBALL_UNIFORMS_F_Ball_Uniform_Champion_Iii_Tokio_Jersey_Short_JOMA_0983000026.JPG,,SET,N,,,N,,,
UNIFORMS,FOOTBALL UNIFORMS,F/Ball Uniform Comfit Elite Adult,981300316,CONNATE,AZURE/WHITE,,,N,,,SET,N,,,N,,,
UNIFORMS,FOOTBALL UNIFORMS,F/Ball Uniform Comfit Genoa Adult,981300216,CONNATE,AZURE/WHITE,,,N,UNIFORMS_FOOTBALL_UNIFORMS_F_Ball_Uniform_Comfit_Genoa_Adult_CONNATE_0981300216.JPG,,SET,N,,,N,,,
UNIFORMS,FOOTBALL UNIFORMS,F/Ball Uniform Comfit Rio Adult,981300116,CONNATE,AZURE/WHITE,,,N,UNIFORMS_FOOTBALL_UNIFORMS_F_Ball_Uniform_Comfit_Rio_Adult_CONNATE_0981300116.JPG,,SET,N,,,N,,,
UNIFORMS,FOOTBALL UNIFORMS,F/Ball Uniform Copa/Tokio Jersey/Short Set Of 16,983000019,JOMA,BLACK/WHITE,,,N,UNIFORMS_FOOTBALL_UNIFORMS_F_Ball_Uniform_Copa_Tokio_Jersey_Short_Set_Of_16_JOMA_0983000019.JPG,,SET,N,,,N,,,
UNIFORMS,FOOTBALL UNIFORMS,F/Ball Uniform Entrada (Set Of 14) Jer Regi 14 Shr Roy/Wht ,880002320,ADIDAS,,,,N,UNIFORMS_FOOTBALL_UNIFORMS_F_Ball_Uniform_Entrada_Set_Of_14_Jer_Regi_14_Shr_Roy_Wht_ADIDAS_0880002320.JPG,,SET,N,,,N,,,
UNIFORMS,FOOTBALL UNIFORMS,F/Ball Uniform Entrada (Set Of 14) Jer Regi 14 Shr Wht/Blk ,880002321,ADIDAS,,,,N,UNIFORMS_FOOTBALL_UNIFORMS_F_Ball_Uniform_Entrada_Set_Of_14_Jer_Regi_14_Shr_Wht_Blk_ADIDAS_0880002321.JPG,,SET,N,,,N,,,
UNIFORMS,FOOTBALL UNIFORMS,F/Ball Uniform Entrada (Set Of 14) Jer/Shr Black/White ,880002322,ADIDAS,,,,N,UNIFORMS_FOOTBALL_UNIFORMS_F_Ball_Uniform_Entrada_Set_Of_14_Jer_Shr_Black_White_ADIDAS_0880002322.JPG,,SET,N,,,N,,,
UNIFORMS,FOOTBALL UNIFORMS,F/Ball Uniform Entrada (Set Of 14) Jer/Shr Navy/White ,880002323,ADIDAS,,,,N,UNIFORMS_FOOTBALL_UNIFORMS_F_Ball_Uniform_Entrada_Set_Of_14_Jer_Shr_Navy_White_ADIDAS_0880002323.JPG,,SET,N,,,N,,,
UNIFORMS,FOOTBALL UNIFORMS,F/Ball Uniform Entrada (Set Of 14) Jer/Shr Orange/White ,880002324,ADIDAS,,,,N,UNIFORMS_FOOTBALL_UNIFORMS_F_Ball_Uniform_Entrada_Set_Of_14_Jer_Shr_Orange_White_ADIDAS_0880002324.JPG,,SET,N,,,N,,,
UNIFORMS,FOOTBALL UNIFORMS,F/Ball Uniform Entrada (Set Of 14) Jer/Shr Red/White ,880002325,ADIDAS,,,,N,UNIFORMS_FOOTBALL_UNIFORMS_F_Ball_Uniform_Entrada_Set_Of_14_Jer_Shr_Red_White_ADIDAS_0880002325.JPG,,SET,N,,,N,,,
UNIFORMS,FOOTBALL UNIFORMS,F/Ball Uniform Entrada (Set Of 14) Jer/Shr White/Red ,880002326,ADIDAS,,,,N,UNIFORMS_FOOTBALL_UNIFORMS_F_Ball_Uniform_Entrada_Set_Of_14_Jer_Shr_White_Red_ADIDAS_0880002326.JPG,,SET,N,,,N,,,
UNIFORMS,FOOTBALL UNIFORMS,F/Ball Uniform Entrada (Set Of 14) Jer/Shr Yellow/Black,880002327,ADIDAS,,,,N,UNIFORMS_FOOTBALL_UNIFORMS_F_Ball_Uniform_Entrada_Set_Of_14_Jer_Shr_Yellow_Black_ADIDAS_0880002327.JPG,,SET,N,,,N,,,
UNIFORMS,FOOTBALL UNIFORMS,F/Ball Uniform Fineknit Plain,981100116,CONNATE,B.YELLOW,,,N,UNIFORMS_FOOTBALL_UNIFORMS_F_Ball_Uniform_Fineknit_Plain_CONNATE_0981100116.JPG,,SET,N,,,N,,,
UNIFORMS,FOOTBALL UNIFORMS,F/Ball Uniform Fineknit Plain Junior,981101116,CONNATE,B.YELLOW/WHITE,,,N,UNIFORMS_FOOTBALL_UNIFORMS_F_Ball_Uniform_Fineknit_Plain_Junior_CONNATE_0981101116.JPG,,SET,N,,,N,,,
UNIFORMS,FOOTBALL UNIFORMS,F/Ball Uniform Fineknit Simba Junior,981101416,CONNATE,B.YELLOW/WHITE,,,N,UNIFORMS_FOOTBALL_UNIFORMS_F_Ball_Uniform_Fineknit_Simba_Junior_CONNATE_0981101416.JPG,,SET,N,,,N,,,
UNIFORMS,FOOTBALL UNIFORMS,F/Ball Uniform Fineknit Simba W/No'S,981100416,CONNATE,B.YELLOW/WHITE,,,N,UNIFORMS_FOOTBALL_UNIFORMS_F_Ball_Uniform_Fineknit_Simba_W_No_S_CONNATE_0981100416.JPG,,SET,N,,,N,,,
UNIFORMS,FOOTBALL UNIFORMS,F/Ball Uniform Fire Ii/Nobel Jer/Shr Set Of 16,983000018,JOMA,BLACK/GOLD ( 1SET LESS 1PC),,,N,,,SET,N,,,N,,,
UNIFORMS,FOOTBALL UNIFORMS,F/Ball Uniform J/S V3.08/Vencida Set Of 12,790000399,PUMA,NAVY/G.YELL,,,Y,,,SET,N,,,N,,,
UNIFORMS,FOOTBALL UNIFORMS,F/Ball Uniform J/S V3.08/Vencida Set Of 14,790000401,PUMA,GREEN/YELLOW,,,Y,,,SET,N,,,N,,,
UNIFORMS,FOOTBALL UNIFORMS,F/Ball Uniform J/S V3.08/Vencida Set Of 16,790000397,PUMA,GREEN/WHITE,,,Y,,,SET,N,,,N,,,
UNIFORMS,FOOTBALL UNIFORMS,F/Ball Uniform Jersey/Short (Loose),121000135,PEAK,GREEN/WHITE,,,N,UNIFORMS_FOOTBALL_UNIFORMS_F_Ball_Uniform_Jersey_Short_Loose_PEAK_0121000135.JPG,,SET,N,,,N,,,
UNIFORMS,FOOTBALL UNIFORMS,F/Ball Uniform Jersey/Short (Set 16),121000008,PEAK,D.GREEN/WHITE,,,N,UNIFORMS_FOOTBALL_UNIFORMS_F_Ball_Uniform_Jersey_Short_Set_16_PEAK_0121000008.JPG,,SET,N,,,N,,,
UNIFORMS,FOOTBALL UNIFORMS,F/Ball Uniform Jersey/Short (Set 16),121000062,PEAK,MAROON/WHITE,,,N,UNIFORMS_FOOTBALL_UNIFORMS_F_Ball_Uniform_Jersey_Short_Set_16_PEAK_0121000062.JPG,,SET,N,,,N,,,
UNIFORMS,FOOTBALL UNIFORMS,F/Ball Uniform Jersey/Short (Set 16),121000065,PEAK,N.GREEN/RED,,,N,UNIFORMS_FOOTBALL_UNIFORMS_F_Ball_Uniform_Jersey_Short_Set_16_PEAK_0121000065.JPG,,SET,N,,,N,,,
UNIFORMS,FOOTBALL UNIFORMS,F/Ball Uniform Jersey/Short (Set 16),121000067,PEAK,D.GRN/WHITE,,,N,UNIFORMS_FOOTBALL_UNIFORMS_F_Ball_Uniform_Jersey_Short_Set_16_PEAK_0121000067.JPG,,SET,N,,,N,,,
UNIFORMS,FOOTBALL UNIFORMS,F/Ball Uniform Jersey/Short (Set 16),121000068,PEAK,BLK/WHT,,,N,UNIFORMS_FOOTBALL_UNIFORMS_F_Ball_Uniform_Jersey_Short_Set_16_PEAK_0121000068.JPG,,SET,N,,,N,,,
UNIFORMS,FOOTBALL UNIFORMS,F/Ball Uniform Jersey/Short (Set 16),121000066,PEAK,GREEN/WHITE,,,Y,UNIFORMS_FOOTBALL_UNIFORMS_F_Ball_Uniform_Jersey_Short_Set_16_PEAK_0121000066.JPG,,SET,N,,,N,,,
UNIFORMS,FOOTBALL UNIFORMS,F/Ball Uniform Jersey/Short Asst (Loose),121000044,PEAK,GREEN/WHITE,,,N,UNIFORMS_FOOTBALL_UNIFORMS_F_Ball_Uniform_Jersey_Short_Asst_Loose_PEAK_0121000044.JPG,,SET,N,,,N,,,
UNIFORMS,FOOTBALL UNIFORMS,F/Ball Uniform Jersey/Short Asst (Loose),121000046,PEAK,WHITE/ROYAL,,,N,UNIFORMS_FOOTBALL_UNIFORMS_F_Ball_Uniform_Jersey_Short_Asst_Loose_PEAK_0121000046.JPG,,SET,N,,,N,,,
UNIFORMS,FOOTBALL UNIFORMS,F/Ball Uniform Leon Jer+Shrt K.Grn/Wht-Ps09-00,7008000050,MESUCA,K.GREEN/WHITE,,,N,,,SET,N,,,N,,,
UNIFORMS,FOOTBALL UNIFORMS,F/Ball Uniform Leon Jersey/Short,7008000048,MESUCA,RED/NAVY,,,N,UNIFORMS_FOOTBALL_UNIFORMS_F_Ball_Uniform_Leon_Jersey_Short_MESUCA_7008000048.JPG,,SET,N,,,N,,,
UNIFORMS,FOOTBALL UNIFORMS,F/Ball Uniform Leon Jersey/Short,7008000049,MESUCA,P.GREEN/WHITE,,,N,UNIFORMS_FOOTBALL_UNIFORMS_F_Ball_Uniform_Leon_Jersey_Short_MESUCA_7008000049.JPG,,SET,N,,,N,,,
UNIFORMS,FOOTBALL UNIFORMS,F/Ball Uniform Leon Jersey/Short,7008000051,MESUCA,SKY/BLACK,,,N,UNIFORMS_FOOTBALL_UNIFORMS_F_Ball_Uniform_Leon_Jersey_Short_MESUCA_7008000051.JPG,,SET,N,,,N,,,
UNIFORMS,FOOTBALL UNIFORMS,F/Ball Uniform Leon Jersey/Short,7008000053,MESUCA,MAROON/WHITE,,,N,UNIFORMS_FOOTBALL_UNIFORMS_F_Ball_Uniform_Leon_Jersey_Short_MESUCA_7008000053.JPG,,SET,N,,,N,,,
UNIFORMS,FOOTBALL UNIFORMS,F/Ball Uniform Leon Jersey/Short,7008000054,MESUCA,ROYAL/S.YELLOW,,,N,UNIFORMS_FOOTBALL_UNIFORMS_F_Ball_Uniform_Leon_Jersey_Short_MESUCA_7008000054.JPG,,SET,N,,,N,,,
UNIFORMS,FOOTBALL UNIFORMS,F/Ball Uniform Leon Jersey/Short,7008000055,MESUCA,GREY/WHITE,,,N,UNIFORMS_FOOTBALL_UNIFORMS_F_Ball_Uniform_Leon_Jersey_Short_MESUCA_7008000055.JPG,,SET,N,,,N,,,
UNIFORMS,FOOTBALL UNIFORMS,F/Ball Uniform Leon Jersey/Short,7008000056,MESUCA,WHITE/NAVY,,,N,,,SET,N,,,N,,,
UNIFORMS,FOOTBALL UNIFORMS,F/Ball Uniform Lima Jer+Shrt Red/Blk/Grn/Wht-P,7008000059,MESUCA,RED/BLK/GRN/WHT,,,Y,,,SET,N,,,N,,,
UNIFORMS,FOOTBALL UNIFORMS,F/Ball Uniform Lima Jersey/Short,7008000016,MESUCA,KENYA GREEN/BLACK/WHITE/RED,,,N,,,SET,N,,,N,,,
UNIFORMS,FOOTBALL UNIFORMS,F/Ball Uniform Lima Jersey/Short,7008000060,MESUCA,P.GREEN/WHITE/BLACK,,,N,UNIFORMS_FOOTBALL_UNIFORMS_F_Ball_Uniform_Lima_Jersey_Short_MESUCA_7008000060.JPG,,SET,N,,,N,,,
UNIFORMS,FOOTBALL UNIFORMS,F/Ball Uniform Lima Jersey/Short,7008000061,MESUCA,K.GRN/WHT/RED/BLK,,,N,UNIFORMS_FOOTBALL_UNIFORMS_F_Ball_Uniform_Lima_Jersey_Short_MESUCA_7008000061.JPG,,SET,N,,,N,,,
UNIFORMS,FOOTBALL UNIFORMS,F/Ball Uniform Lima Jersey/Short,7008000062,MESUCA,WHITE/RED,,,N,,,SET,N,,,N,,,
UNIFORMS,FOOTBALL UNIFORMS,F/Ball Uniform Lima Jersey/Short,7008000063,MESUCA,WHITE/K.GREEN,,,N,,,SET,N,,,N,,,
UNIFORMS,FOOTBALL UNIFORMS,F/Ball Uniform Lima Jersey/Short ,7008000064,MESUCA,WHITE/BLACK,,,N,UNIFORMS_FOOTBALL_UNIFORMS_F_Ball_Uniform_Lima_Jersey_Short_MESUCA_7008000064.JPG,,SET,N,,,N,,,
UNIFORMS,FOOTBALL UNIFORMS,F/Ball Uniform Marino Jersey/Short,7008000030,MESUCA,P.GREEN/BLACK,,,N,UNIFORMS_FOOTBALL_UNIFORMS_F_Ball_Uniform_Marino_Jersey_Short_MESUCA_7008000030.JPG,,SET,N,,,N,,,
UNIFORMS,FOOTBALL UNIFORMS,F/Ball Uniform Marino Jersey/Short,7008000031,MESUCA,K.GREEN/S.YELLOW,,,N,UNIFORMS_FOOTBALL_UNIFORMS_F_Ball_Uniform_Marino_Jersey_Short_MESUCA_7008000031.JPG,,SET,N,,,N,,,
UNIFORMS,FOOTBALL UNIFORMS,F/Ball Uniform Marino Jersey/Short,7008000032,MESUCA,SKY/ROYAL,,,N,UNIFORMS_FOOTBALL_UNIFORMS_F_Ball_Uniform_Marino_Jersey_Short_MESUCA_7008000032.JPG,,SET,N,,,N,,,
UNIFORMS,FOOTBALL UNIFORMS,F/Ball Uniform Marino Jersey/Short,7008000033,MESUCA,NAVY/SKY,,,N,UNIFORMS_FOOTBALL_UNIFORMS_F_Ball_Uniform_Marino_Jersey_Short_MESUCA_7008000033.JPG,,SET,N,,,N,,,
UNIFORMS,FOOTBALL UNIFORMS,F/Ball Uniform Marino Jersey/Short,7008000035,MESUCA,ROYAL/WHITE,,,N,UNIFORMS_FOOTBALL_UNIFORMS_F_Ball_Uniform_Marino_Jersey_Short_MESUCA_7008000035.JPG,,SET,N,,,N,,,
UNIFORMS,FOOTBALL UNIFORMS,F/Ball Uniform Marino Jersey/Short,7008000037,MESUCA,GREY/BLACK,,,N,UNIFORMS_FOOTBALL_UNIFORMS_F_Ball_Uniform_Marino_Jersey_Short_MESUCA_7008000037.JPG,,SET,N,,,N,,,
UNIFORMS,FOOTBALL UNIFORMS,F/Ball Uniform Marino Jersey/Short,7008000038,MESUCA,PURPLE/WHITE,,,N,UNIFORMS_FOOTBALL_UNIFORMS_F_Ball_Uniform_Marino_Jersey_Short_MESUCA_7008000038.JPG,,SET,N,,,N,,,
UNIFORMS,FOOTBALL UNIFORMS,F/Ball Uniform Marino Jersey/Short,7008000039,MESUCA,ORANGE/WHITE,,,N,UNIFORMS_FOOTBALL_UNIFORMS_F_Ball_Uniform_Marino_Jersey_Short_MESUCA_7008000039.JPG,,SET,N,,,N,,,
UNIFORMS,FOOTBALL UNIFORMS,F/Ball Uniform Marino Jersey/Short ,7008000036,MESUCA,S.YELLOW/P.GREEN,,,N,UNIFORMS_FOOTBALL_UNIFORMS_F_Ball_Uniform_Marino_Jersey_Short_MESUCA_7008000036.JPG,,SET,N,,,N,,,
UNIFORMS,FOOTBALL UNIFORMS,F/Ball Uniform Oly Roma W/No'S,981200616,CONNATE,ASSORTED ( R ),,,N,UNIFORMS_FOOTBALL_UNIFORMS_F_Ball_Uniform_Oly_Roma_W_No_S_CONNATE_0981200616.JPG,,SET,N,,,N,,,
UNIFORMS,FOOTBALL UNIFORMS,F/Ball Uniform Olympia Elite,981201116,CONNATE,B YELLOW/WHITE,,,N,,,SET,N,,,N,,,
UNIFORMS,FOOTBALL UNIFORMS,F/Ball Uniform Olympia Munich,981200416,CONNATE,B.YELL/WHT/BLACK,,,N,UNIFORMS_FOOTBALL_UNIFORMS_F_Ball_Uniform_Olympia_Munich_CONNATE_0981200416.JPG,,SET,N,,,N,,,
UNIFORMS,FOOTBALL UNIFORMS,F/Ball Uniform Olympia Munich Junior,981201416,CONNATE,B.YELLOW/BLACK/WHITE,,,N,UNIFORMS_FOOTBALL_UNIFORMS_F_Ball_Uniform_Olympia_Munich_Junior_CONNATE_0981201416.JPG,,SET,N,,,N,,,
UNIFORMS,FOOTBALL UNIFORMS,F/Ball Uniform Olympia Oslo,981200316,CONNATE,B.YELLOW/N.GREEN,,,N,UNIFORMS_FOOTBALL_UNIFORMS_F_Ball_Uniform_Olympia_Oslo_CONNATE_0981200316.JPG,,SET,N,,,N,,,
UNIFORMS,FOOTBALL UNIFORMS,F/Ball Uniform Olympia Turin,981201016,CONNATE,B.YELL/WHT/BLACK,,,Y,UNIFORMS_FOOTBALL_UNIFORMS_F_Ball_Uniform_Olympia_Turin_CONNATE_0981201016.JPG,,SET,N,,,N,,,
UNIFORMS,FOOTBALL UNIFORMS,F/Ball Uniform Olympia Twiga Adult,981200816,CONNATE,B.YELLOW/WHITE,,,N,UNIFORMS_FOOTBALL_UNIFORMS_F_Ball_Uniform_Olympia_Twiga_Adult_CONNATE_0981200816.JPG,,SET,N,,,N,,,
UNIFORMS,FOOTBALL UNIFORMS,F/Ball Uniform Regi (Set Of 14) Jer/Shr Navy/White,880002328,ADIDAS,,,,N,UNIFORMS_FOOTBALL_UNIFORMS_F_Ball_Uniform_Regi_Set_Of_14_Jer_Shr_Navy_White_ADIDAS_0880002328.JPG,,SET,N,,,N,,,
UNIFORMS,FOOTBALL UNIFORMS,F/Ball Uniform Regi (Set Of 14) Jer/Shr Red/White,880002329,ADIDAS,,,,N,UNIFORMS_FOOTBALL_UNIFORMS_F_Ball_Uniform_Regi_Set_Of_14_Jer_Shr_Red_White_ADIDAS_0880002329.JPG,,SET,N,,,N,,,
UNIFORMS,FOOTBALL UNIFORMS,F/Ball Uniform Regi (Set Of 14) Jer/Shr White/Black,880002330,ADIDAS,,,,N,UNIFORMS_FOOTBALL_UNIFORMS_F_Ball_Uniform_Regi_Set_Of_14_Jer_Shr_White_Black_ADIDAS_0880002330.JPG,,SET,N,,,N,,,
UNIFORMS,FOOTBALL UNIFORMS,F/Ball Uniform Rival/Nobel Jer/Shr Set Of 16 Dk.Grn/,983000031,JOMA,DK.GREEN/WHITE,,,Y,,,SET,N,,,N,,,
UNIFORMS,FOOTBALL UNIFORMS,F/Ball Uniform Rival/Real Jersey/Short Set Of 16,983000024,JOMA,DK GREEN/WHITE,,,Y,UNIFORMS_FOOTBALL_UNIFORMS_F_Ball_Uniform_Rival_Real_Jersey_Short_Set_Of_16_JOMA_0983000024.JPG,,SET,N,,,N,,,
UNIFORMS,FOOTBALL UNIFORMS,F/Ball Uniform Rivera Jersey/Short,7008000078,MESUCA,S.YELLOW/BLACK,,,N,UNIFORMS_FOOTBALL_UNIFORMS_F_Ball_Uniform_Rivera_Jersey_Short_MESUCA_7008000078.JPG,,SET,N,,,N,,,
UNIFORMS,FOOTBALL UNIFORMS,F/Ball Uniform Rivera Jersey/Short,7008000079,MESUCA,PURPLE/WHITE,,,N,UNIFORMS_FOOTBALL_UNIFORMS_F_Ball_Uniform_Rivera_Jersey_Short_MESUCA_7008000079.JPG,,SET,N,,,N,,,
UNIFORMS,FOOTBALL UNIFORMS,F/Ball Uniform Santos Jersey/Short,7008000040,MESUCA,K.GREEN/BLACK,,,N,UNIFORMS_FOOTBALL_UNIFORMS_F_Ball_Uniform_Santos_Jersey_Short_MESUCA_7008000040.JPG,,SET,N,,,N,,,
UNIFORMS,FOOTBALL UNIFORMS,F/Ball Uniform Santos Jersey/Short,7008000041,MESUCA,MAROON/GREY,,,N,UNIFORMS_FOOTBALL_UNIFORMS_F_Ball_Uniform_Santos_Jersey_Short_MESUCA_7008000041.JPG,,SET,N,,,N,,,
UNIFORMS,FOOTBALL UNIFORMS,F/Ball Uniform Santos Jersey/Short,7008000042,MESUCA,S.YELLOW/WHITE,,,N,UNIFORMS_FOOTBALL_UNIFORMS_F_Ball_Uniform_Santos_Jersey_Short_MESUCA_7008000042.JPG,,SET,N,,,N,,,
UNIFORMS,FOOTBALL UNIFORMS,F/Ball Uniform Santos Jersey/Short,7008000043,MESUCA,ORANGE/BLACK,,,N,UNIFORMS_FOOTBALL_UNIFORMS_F_Ball_Uniform_Santos_Jersey_Short_MESUCA_7008000043.JPG,,SET,N,,,N,,,
UNIFORMS,FOOTBALL UNIFORMS,F/Ball Uniform Santos Jersey/Short,7008000046,MESUCA,WHITE/MAROON,,,N,UNIFORMS_FOOTBALL_UNIFORMS_F_Ball_Uniform_Santos_Jersey_Short_MESUCA_7008000046.JPG,,SET,N,,,N,,,
UNIFORMS,FOOTBALL UNIFORMS,F/Ball Uniform Squad 13 Jer Regi 14 Shr Wht/Red,880002331,ADIDAS,,,,N,UNIFORMS_FOOTBALL_UNIFORMS_F_Ball_Uniform_Squad_13_Jer_Regi_14_Shr_Wht_Red_ADIDAS_0880002331.JPG,,SET,N,,,N,,,
UNIFORMS,FOOTBALL UNIFORMS,F/Ball Uniform Squad 13 Jer/Shr N.Green/White,880002332,ADIDAS,,,,N,UNIFORMS_FOOTBALL_UNIFORMS_F_Ball_Uniform_Squad_13_Jer_Shr_N_Green_White_ADIDAS_0880002332.JPG,,SET,N,,,N,,,
UNIFORMS,FOOTBALL UNIFORMS,F/Ball Uniform Squad 13 Jer/Shr Red/White,880002333,ADIDAS,,,,N,UNIFORMS_FOOTBALL_UNIFORMS_F_Ball_Uniform_Squad_13_Jer_Shr_Red_White_ADIDAS_0880002333.JPG,,SET,N,,,N,,,
UNIFORMS,FOOTBALL UNIFORMS,F/Ball Uniform Stricon Jsy Ss-Squad Ii Sht Set Of20,880001927,ADIDAS,BLACK/YELLOW,,,Y,UNIFORMS_FOOTBALL_UNIFORMS_F_Ball_Uniform_Stricon_Jsy_Ss_Squad_Ii_Sht_Set_Of20_ADIDAS_0880001927.JPG,,SET,N,,,N,,,
UNIFORMS,FOOTBALL UNIFORMS,F/Ball Uniform Strip Jersey Parma Ii Sht Set Of16,880002183,ADIDAS,WHITE/BLACK,,,N,,,SET,N,,,N,,,
UNIFORMS,FOOTBALL UNIFORMS,F/Ball Uniform Strip Jersey Parma Ii Sht Set Of16,880002184,ADIDAS,ROYAL/BLACK,,,Y,,,SET,N,,,N,,,
UNIFORMS,FOOTBALL UNIFORMS,F/Ball Uniform Strip Jersey Parma Ii Sht Set Of16,880002185,ADIDAS,B.YELLOW/BLACK,,,N,,,SET,N,,,N,,,
UNIFORMS,FOOTBALL UNIFORMS,F/Ball Uniform Striped 15 Jer Entrada 14 Shr Yell/,880002334,ADIDAS,,,,N,UNIFORMS_FOOTBALL_UNIFORMS_F_Ball_Uniform_Striped_15_Jer_Entrada_14_Shr_Yell_ADIDAS_0880002334.JPG,,SET,N,,,N,,,
UNIFORMS,FOOTBALL UNIFORMS,F/Ball Uniform Striped 15 Jer Regi 14 Shr Sky/Wht,880002335,ADIDAS,,,,N,UNIFORMS_FOOTBALL_UNIFORMS_F_Ball_Uniform_Striped_15_Jer_Regi_14_Shr_Sky_Wht_ADIDAS_0880002335.JPG,,SET,N,,,N,,,
UNIFORMS,FOOTBALL UNIFORMS,F/Ball Uniform Striped 15 Jer Squad 13 Shr Wht/Blk,880002336,ADIDAS,,,,Y,UNIFORMS_FOOTBALL_UNIFORMS_F_Ball_Uniform_Striped_15_Jer_Squad_13_Shr_Wht_Blk_ADIDAS_0880002336.JPG,,SET,N,,,N,,,
UNIFORMS,FOOTBALL UNIFORMS,F/Ball Uniform Tabe 14 Jer Regi 14 Shr D.Grn/Wht,880002337,ADIDAS,,,,Y,UNIFORMS_FOOTBALL_UNIFORMS_F_Ball_Uniform_Tabe_14_Jer_Regi_14_Shr_D_Grn_Wht_ADIDAS_0880002337.JPG,,SET,N,,,N,,,
UNIFORMS,FOOTBALL UNIFORMS,F/Ball Uniform Tabe 14 Jer Regi 14 Shr N.Grn/Wht,880002338,ADIDAS,,,,N,UNIFORMS_FOOTBALL_UNIFORMS_F_Ball_Uniform_Tabe_14_Jer_Regi_14_Shr_N_Grn_Wht_ADIDAS_0880002338.JPG,,SET,N,,,N,,,
UNIFORMS,FOOTBALL UNIFORMS,F/Ball Uniform Tabe 14 Jer Squad 12 Shr N.Grn/Wht,880002339,ADIDAS,,,,Y,UNIFORMS_FOOTBALL_UNIFORMS_F_Ball_Uniform_Tabe_14_Jer_Squad_12_Shr_N_Grn_Wht_ADIDAS_0880002339.JPG,,SET,N,,,N,,,
UNIFORMS,FOOTBALL UNIFORMS,F/Ball Uniform Tabe 14 Jer Squad 13 Shr Roy/Wht,880002340,ADIDAS,,,,N,UNIFORMS_FOOTBALL_UNIFORMS_F_Ball_Uniform_Tabe_14_Jer_Squad_13_Shr_Roy_Wht_ADIDAS_0880002340.JPG,,SET,N,,,N,,,
UNIFORMS,FOOTBALL UNIFORMS,F/Ball Uniform Tabe Ii Jersey Tiro Ii Sht Set Of 20,880001928,ADIDAS,ORANGE/WHITE,,,N,UNIFORMS_FOOTBALL_UNIFORMS_F_Ball_Uniform_Tabe_Ii_Jersey_Tiro_Ii_Sht_Set_Of_20_ADIDAS_0880001928.JPG,,SET,N,,,N,,,
UNIFORMS,FOOTBALL UNIFORMS,F/Ball Uniform Tiro 15 Jer Regi 14 Shr Red/Wht,880002341,ADIDAS,,,,N,UNIFORMS_FOOTBALL_UNIFORMS_F_Ball_Uniform_Tiro_15_Jer_Regi_14_Shr_Red_Wht_ADIDAS_0880002341.JPG,,SET,N,,,N,,,
UNIFORMS,FOOTBALL UNIFORMS,F/Ball Uniform Tiro 15 Jer Tastigo 15 Shr Grey/Roy,880002342,ADIDAS,,,,N,UNIFORMS_FOOTBALL_UNIFORMS_F_Ball_Uniform_Tiro_15_Jer_Tastigo_15_Shr_Grey_Roy_ADIDAS_0880002342.JPG,,SET,N,,,N,,,
UNIFORMS,FOOTBALL UNIFORMS,F/Ball Uniform V3.08 & Esito Set Jersey/Short/Stockings,790000223,PUMA,,,,N,UNIFORMS_FOOTBALL_UNIFORMS_F_Ball_Uniform_V3_08_Esito_Set_Jersey_Short_Stockings_PUMA_0790000223.JPG,,SET,N,,,N,,,
UNIFORMS,FOOTBALL UNIFORMS,F/Ball Uniform V5.06 & V5.08 Set Jersey/Short/Stockings,790000224,PUMA,,,,N,UNIFORMS_FOOTBALL_UNIFORMS_F_Ball_Uniform_V5_06_V5_08_Set_Jersey_Short_Stockings_PUMA_0790000224.JPG,,SET,N,,,N,,,
UNIFORMS,FOOTBALL UNIFORMS,F/Ball Uniform Victory/Nobel Jer/Shr Set Of 16,983000022,JOMA,GREEN/WHITE,,,N,,,SET,N,,,N,,,
UNIFORMS,FOOTBALL UNIFORMS,Jersey Entrada,880001137,ADIDAS,YELLOW/BLACK,,,N,UNIFORMS_FOOTBALL_UNIFORMS_Jersey_Entrada_ADIDAS_0880001137.JPG,,PC,N,,,N,,,
UNIFORMS,FOOTBALL UNIFORMS,Jersey Entrada,880001138,ADIDAS,WHITE/RED,,,N,UNIFORMS_FOOTBALL_UNIFORMS_Jersey_Entrada_ADIDAS_0880001138.JPG,,PC,N,,,N,,,
UNIFORMS,FOOTBALL UNIFORMS,Jersey Entrada,880001139,ADIDAS,RED/BLACK,,,N,UNIFORMS_FOOTBALL_UNIFORMS_Jersey_Entrada_ADIDAS_0880001139.JPG,,PC,N,,,N,,,
UNIFORMS,FOOTBALL UNIFORMS,Jersey Entrada,880001141,ADIDAS,GREEN/WHITE,,,N,UNIFORMS_FOOTBALL_UNIFORMS_Jersey_Entrada_ADIDAS_0880001141.JPG,,PC,N,,,N,,,
UNIFORMS,FOOTBALL UNIFORMS,Jersey Estro Maroon,880001102,ADIDAS,MAROON/WHITE,,,N,UNIFORMS_FOOTBALL_UNIFORMS_Jersey_Estro_Maroon_ADIDAS_0880001102.JPG,,PC,N,,,N,,,
UNIFORMS,FOOTBALL UNIFORMS,Jersey Estro Red,880001101,ADIDAS,RED/WHITE,,,N,UNIFORMS_FOOTBALL_UNIFORMS_Jersey_Estro_Red_ADIDAS_0880001101.JPG,,PC,N,,,N,,,
UNIFORMS,FOOTBALL UNIFORMS,Jersey F/Ball Printed Diamond,980405300,CONNATE,,,,N,UNIFORMS_FOOTBALL_UNIFORMS_Jersey_F_Ball_Printed_Diamond_CONNATE_0980405300.JPG,,EACH,N,,,N,,,
UNIFORMS,FOOTBALL UNIFORMS,Jersey F/Ball Printed Stripes,980505300,CONNATE,,,,N,,,EACH,N,,,N,,,
UNIFORMS,FOOTBALL UNIFORMS,Jersey F/Ball-Hockey Olympia,980205300,CONNATE,MAROON/WHITE,,,N,,,EACH,N,,,N,,,
UNIFORMS,FOOTBALL UNIFORMS,Jersey F/K Fb/Ho Chui,980000001,CONNATE,,,,N,UNIFORMS_FOOTBALL_UNIFORMS_Jersey_F_K_Fb_Ho_Chui_CONNATE_0980000001.JPG,,EACH,N,,,N,,,
UNIFORMS,FOOTBALL UNIFORMS,Jersey Football Country Flag,108000068,CONNATE,ARGENTINA,,,N,UNIFORMS_FOOTBALL_UNIFORMS_Jersey_Football_Country_Flag_CONNATE_0108000068.JPG,,PC,N,,,N,,,
UNIFORMS,FOOTBALL UNIFORMS,Jersey Kenya Soccer,980000167,CONNATE,BLACK/RED/GREEN,,,N,,,EACH,N,,,N,,,
UNIFORMS,FOOTBALL UNIFORMS,Jersey Mesh Jacquard,980000209,CONNATE,RED/WHITE,,,N,UNIFORMS_FOOTBALL_UNIFORMS_Jersey_Mesh_Jacquard_CONNATE_0980000209.JPG,,EACH,N,,,N,,,
UNIFORMS,FOOTBALL UNIFORMS,Jersey Nc Cl Tee,880001696,ADIDAS,BLACK/ORANGE,,,N,UNIFORMS_FOOTBALL_UNIFORMS_Jersey_Nc_Cl_Tee_ADIDAS_0880001696.JPG,,PC,N,,,N,,,
UNIFORMS,FOOTBALL UNIFORMS,Jersey Oly. F/B Ho Roma/Monaco,980000020,CONNATE,GREEN/MAROON,,,N,UNIFORMS_FOOTBALL_UNIFORMS_Jersey_Oly_F_B_Ho_Roma_Monaco_CONNATE_0980000020.JPG,,EACH,N,,,N,,,
UNIFORMS,FOOTBALL UNIFORMS,Jersey Oly. Fb/Ho Chui,980000004,CONNATE,,,,N,,,EACH,N,,,N,,,
UNIFORMS,FOOTBALL UNIFORMS,Jersey Perforated,980000279,CONNATE,,,,N,UNIFORMS_FOOTBALL_UNIFORMS_Jersey_Perforated_CONNATE_0980000279.JPG,,PC,N,,,N,,,
UNIFORMS,FOOTBALL UNIFORMS,Jersey Polo Stripped V/Neck,790000343,PUMA,GREEN/GREY,,,N,UNIFORMS_FOOTBALL_UNIFORMS_Jersey_Polo_Stripped_V_Neck_PUMA_0790000343.JPG,,PC,N,,,N,,,
UNIFORMS,FOOTBALL UNIFORMS,Jersey Pre Tr,880001142,ADIDAS,P.GREEN/BLACK,,,N,UNIFORMS_FOOTBALL_UNIFORMS_Jersey_Pre_Tr_ADIDAS_0880001142.JPG,,PC,N,,,N,,,
UNIFORMS,FOOTBALL UNIFORMS,Jersey Pre Tr,880001355,ADIDAS,ROYAL/NAVY,,,N,UNIFORMS_FOOTBALL_UNIFORMS_Jersey_Pre_Tr_ADIDAS_0880001355.JPG,,PC,N,,,N,,,
UNIFORMS,FOOTBALL UNIFORMS,Jersey Sereno Ss,880000336,ADIDAS,SKY/WHITE,,,N,UNIFORMS_FOOTBALL_UNIFORMS_Jersey_Sereno_Ss_ADIDAS_0880000336.JPG,,PC,N,,,N,,,
UNIFORMS,FOOTBALL UNIFORMS,Jersey Squad Ii,880000713,ADIDAS,GREEN/WHITE,,,Y,UNIFORMS_FOOTBALL_UNIFORMS_Jersey_Squad_Ii_ADIDAS_0880000713.JPG,,PC,N,,,N,,,
UNIFORMS,FOOTBALL UNIFORMS,Jersey Team,880000662,ADIDAS,RED/WHITE,,,N,UNIFORMS_FOOTBALL_UNIFORMS_Jersey_Team_ADIDAS_0880000662.JPG,,PC,N,,,N,,,
UNIFORMS,FOOTBALL UNIFORMS,Jersey Tf Prep Ls Wht,880000960,ADIDAS,WHITE,,,N,UNIFORMS_FOOTBALL_UNIFORMS_Jersey_Tf_Prep_Ls_Wht_ADIDAS_0880000960.JPG,,PC,N,,,N,,,
UNIFORMS,FOOTBALL UNIFORMS,Jersey Tiro Ss,880000603,ADIDAS,WHITE/ROYAL,,,Y,UNIFORMS_FOOTBALL_UNIFORMS_Jersey_Tiro_Ss_ADIDAS_0880000603.JPG,,PC,N,,,N,,,
UNIFORMS,FOOTBALL UNIFORMS,Jersey Toque Ss,880001143,ADIDAS,ROYAL/WHITE,,,N,UNIFORMS_FOOTBALL_UNIFORMS_Jersey_Toque_Ss_ADIDAS_0880001143.JPG,,PC,N,,,N,,,
UNIFORMS,FOOTBALL UNIFORMS,Jersey Toque Ss,880001144,ADIDAS,NAVY/WHITE,,,N,UNIFORMS_FOOTBALL_UNIFORMS_Jersey_Toque_Ss_ADIDAS_0880001144.JPG,,PC,N,,,N,,,
UNIFORMS,FOOTBALL UNIFORMS,Jersey Trofeo Ss,880000330,ADIDAS,,,,N,UNIFORMS_FOOTBALL_UNIFORMS_Jersey_Trofeo_Ss_ADIDAS_0880000330.JPG,,PC,N,,,N,,,
UNIFORMS,FOOTBALL UNIFORMS,Jersey Tusker Fc,980000110,TK,,,,N,,,EACH,N,,,N,,,
UNIFORMS,FOOTBALL UNIFORMS,Jersey V3.08 S/Slv,790000432,PUMA,NAVY,,,N,,,PC,N,,,N,,,
UNIFORMS,FOOTBALL UNIFORMS,Jersey Vencida Ss,790000419,PUMA,MAROON/WHITE,,,N,,,PC,N,,,N,,,
UNIFORMS,FOOTBALL UNIFORMS,Jersey World Cup 2014 R/Knit Fernando Turres,108000070,CONNATE,WHITE,,,N,,,PC,N,,,N,,,
UNIFORMS,FOOTBALL UNIFORMS,Jersey World Cup 2014 R/Knit Fernando Turres Jnr,108000072,CONNATE,WHITE,,,N,,,PC,N,,,N,,,
UNIFORMS,FOOTBALL UNIFORMS,Jersey World Cup 2014 R/Knit Lionell Messi,108000069,CONNATE,WHITE,,,N,,,PC,N,,,N,,,
UNIFORMS,FOOTBALL UNIFORMS,Jersey/Short Men Set,7004000003,MESUCA,ROYAL,,,N,,,EACH,N,,,N,,,
UNIFORMS,FOOTBALL UNIFORMS,Jersey/Short Wmn Set,7005000001,MESUCA,RED,,,N,,,EACH,N,,,N,,,
UNIFORMS,FOOTBALL UNIFORMS,Shorts F/Ball-Hockey Olympia,980205400,CONNATE,,,,N,,,EACH,N,,,N,,,
UNIFORMS,FOOTBALL UNIFORMS,Shorts Imported Kenya F/Ball,980000211,OTHERS,GREEN,,,N,,,EACH,N,,,N,,,
UNIFORMS,FOOTBALL UNIFORMS,Shorts Mesh Jacquard,980000219,CONNATE,BLACK,,,N,UNIFORMS_FOOTBALL_UNIFORMS_Shorts_Mesh_Jacquard_CONNATE_0980000219.JPG,,EACH,N,,,N,,,
UNIFORMS,FOOTBALL UNIFORMS,Shorts Tusker Fc,980000111,TK,,,,N,,,EACH,N,,,N,,,
UNIFORMS,FOOTBALL UNIFORMS,Shorts With Lininng Olympia,980200000,CONNATE,B.YELLOW,,,N,UNIFORMS_FOOTBALL_UNIFORMS_Shorts_With_Lininng_Olympia_CONNATE_0980200000.JPG,,EACH,N,,,N,,,
UNIFORMS,HOCKEY UNIFORMS,Hockey Jersey G/K Comfit,980000333,CONNATE,RED/SKY,,,N,,,PC,N,,,N,,,
UNIFORMS,HOCKEY UNIFORMS,Hockey Jersey G/K Olympia Perfor,980000264,CONNATE,RED/WHITE,,,N,UNIFORMS_HOCKEY_UNIFORMS_Hockey_Jersey_G_K_Olympia_Perfor_CONNATE_0980000264.JPG,,PC,N,,,N,,,
UNIFORMS,HOCKEY UNIFORMS,Hockey Shirt Cotton,980000275,TK,D.GREEN,,,N,UNIFORMS_HOCKEY_UNIFORMS_Hockey_Shirt_Cotton_TK_0980000275.JPG,,PC,N,,,N,,,
UNIFORMS,HOCKEY UNIFORMS,Hockey Shirt Micro,980000273,TK,BLACK,,,N,UNIFORMS_HOCKEY_UNIFORMS_Hockey_Shirt_Micro_TK_0980000273.JPG,,PC,N,,,N,,,
UNIFORMS,HOCKEY UNIFORMS,Hockey Shirt Micro Sleveless,980000274,TK,BLACK,,,N,UNIFORMS_HOCKEY_UNIFORMS_Hockey_Shirt_Micro_Sleveless_TK_0980000274.JPG,,PC,N,,,N,,,
UNIFORMS,HOCKEY UNIFORMS,Hockey Shorts Goalkeeper,2000000375,ALFA,,,,N,UNIFORMS_HOCKEY_UNIFORMS_Hockey_Shorts_Goalkeeper_ALFA_2000000375.JPG,,PC,N,,,N,,,
UNIFORMS,HOCKEY UNIFORMS,Hockey Shorts Goalkeeper 7-12 Yrs,2000000230,CONNATE,,,,N,UNIFORMS_HOCKEY_UNIFORMS_Hockey_Shorts_Goalkeeper_7_12_Yrs_CONNATE_2000000230.JPG,,EACH,N,,,N,,,
UNIFORMS,HOCKEY UNIFORMS,Hockey Shorts Goalkeeper Padded,2000000139,CONNATE,,,,N,UNIFORMS_HOCKEY_UNIFORMS_Hockey_Shorts_Goalkeeper_Padded_CONNATE_2000000139.JPG,,EACH,N,,,N,,,
UNIFORMS,HOCKEY UNIFORMS,Hockey Shorts Goalkeeper Padded Jnr,2000000712,TK,,,,N,,,PC,N,,,N,,,
UNIFORMS,HOCKEY UNIFORMS,Hockey Shorts Goalkeeper Padded With Sitter,2000000711,ALFA,,,,N,,,PC,N,,,N,,,
UNIFORMS,HOCKEY UNIFORMS,Hockey Skirt Olinda Tk Ladies Black,980000335,TK,BLACK,,,N,UNIFORMS_HOCKEY_UNIFORMS_Hockey_Skirt_Olinda_Tk_Ladies_Black_TK_0980000335.JPG,,PC,N,,,N,,,
UNIFORMS,HOCKEY UNIFORMS,Hockey Skirt Plain,980000272,TK,BLACK,,,N,UNIFORMS_HOCKEY_UNIFORMS_Hockey_Skirt_Plain_TK_0980000272.JPG,,PC,N,,,N,,,
UNIFORMS,HOCKEY UNIFORMS,Hockey Skirt Plain Cotton,980000271,TK,BLACK,,,N,UNIFORMS_HOCKEY_UNIFORMS_Hockey_Skirt_Plain_Cotton_TK_0980000271.JPG,,PC,N,,,N,,,
UNIFORMS,HOCKEY UNIFORMS,Hockey Stockings Tk Black/Orange,4900000149,TK,BLACK/ORANGE,,,N,,,PC,N,,,N,,,
UNIFORMS,HOCKEY UNIFORMS,Hockey T-Shirt Pwr-Ind Tk Ladies Orange/Black,980000336,TK,ORANGE/BLACK,,,N,,,PC,N,,,N,,,
UNIFORMS,JUDO UNIFORMS,Judo Uniforms Blue (2-7),980000289,CONNATE,BLUE,,,N,UNIFORMS_JUDO_UNIFORMS_Judo_Uniforms_Blue_2_7_CONNATE_0980000289.JPG,Size 2-7,PC,N,,,N,,,
UNIFORMS,JUDO UNIFORMS,Judo Uniforms White (27),980000288,CONNATE,WHITE,,,N,UNIFORMS_JUDO_UNIFORMS_Judo_Uniforms_White_27_CONNATE_0980000288.JPG,Size 2-7,PC,N,,,N,,,
UNIFORMS,JUDO UNIFORMS,Judo Uniforms White (27),980000290,CONNATE,WHITE,,,N,UNIFORMS_JUDO_UNIFORMS_Judo_Uniforms_White_27_CONNATE_0980000290.JPG,,PC,N,,,N,,,
UNIFORMS,KARATE UNIFORMS,Judo/Karate/Taekwondo Belts,980000244,CONNATE,BLACK,,,N,UNIFORMS_KARATE_UNIFORMS_Judo_Karate_Taekwondo_Belts_CONNATE_0980000244.JPG,,PC,N,,,N,,,
UNIFORMS,KARATE UNIFORMS,Karate Belts M/O Cotton,980000362,HAYASHI,BLACK,,,N,UNIFORMS_KARATE_UNIFORMS_Karate_Belts_M_O_Cotton_HAYASHI_0980000362.JPG,,PC,N,,,Y,01/02/2016,15/03/2016,
UNIFORMS,KARATE UNIFORMS,Karate Suit Adult,980000075,CONNATE,WHITE,,,N,UNIFORMS_KARATE_UNIFORMS_Karate_Suit_Adult_CONNATE_0980000075.JPG,,EACH,N,,,N,,,
UNIFORMS,KARATE UNIFORMS,Karate Suit Adult,980000257,CONNATE,WHITE,,,N,UNIFORMS_KARATE_UNIFORMS_Karate_Suit_Adult_CONNATE_0980000257.JPG,Size 160-200,PC,N,,,N,,,
UNIFORMS,KARATE UNIFORMS,Karate Suit Children,980000076,CONNATE,WHITE,,,N,UNIFORMS_KARATE_UNIFORMS_Karate_Suit_Children_CONNATE_0980000076.JPG,,EACH,N,,,N,,,
UNIFORMS,KARATE UNIFORMS,Karate Suit Drill Cotton Adult,980000262,CONNATE,WHITE,,,N,,,PC,N,,,N,,,
UNIFORMS,KARATE UNIFORMS,Karate Suit M/O P/Cotton,980000361,HAYASHI,WHITE,,,N,UNIFORMS_KARATE_UNIFORMS_Karate_Suit_M_O_P_Cotton_HAYASHI_0980000361.JPG,,PC,N,,,Y,01/02/2016,15/03/2016,
UNIFORMS,KARATE UNIFORMS,Karate Suit Youth,980000256,CONNATE,WHITE,,,N,UNIFORMS_KARATE_UNIFORMS_Karate_Suit_Youth_CONNATE_0980000256.JPG,Size 110-150,PC,N,,,N,,,
UNIFORMS,KARATE UNIFORMS,Kick Boxing Satin Trousers,980000281,CONNATE,,,,Y,UNIFORMS_KARATE_UNIFORMS_Kick_Boxing_Satin_Trousers_CONNATE_0980000281.JPG,,EACH,N,,,N,,,
UNIFORMS,NETBALL UNIFORMS,Bibs Netball F/Knit Elas.,980000147,CONNATE,BLACK,,,N,UNIFORMS_NETBALL_UNIFORMS_Bibs_Netball_F_Knit_Elas_CONNATE_0980000147.JPG,,EACH,N,,,N,,,
UNIFORMS,NETBALL UNIFORMS,Bibs Netball Olympia  Elastic,980000235,CONNATE,B.YELLOW,,,N,UNIFORMS_NETBALL_UNIFORMS_Bibs_Netball_Olympia_Elastic_CONNATE_0980000235.JPG,,EACH,N,,,N,,,
UNIFORMS,NETBALL UNIFORMS,Bloomer Cotton,980000154,CONNATE,,,,N,UNIFORMS_NETBALL_UNIFORMS_Bloomer_Cotton_CONNATE_0980000154.JPG,,EACH,N,,,N,,,
UNIFORMS,NETBALL UNIFORMS,Bloomer Netball Fineknit,980107700,CONNATE,BROWN/WHITE,,,N,UNIFORMS_NETBALL_UNIFORMS_Bloomer_Netball_Fineknit_CONNATE_0980107700.JPG,,EACH,N,,,N,,,
UNIFORMS,NETBALL UNIFORMS,Bloomer Netball Olympia,980207700,CONNATE,DK.GREEN,,,N,UNIFORMS_NETBALL_UNIFORMS_Bloomer_Netball_Olympia_CONNATE_0980207700.JPG,,EACH,N,,,N,,,
UNIFORMS,NETBALL UNIFORMS,Skirt Divided,110060000,CONNATE,NAVY,,,N,UNIFORMS_NETBALL_UNIFORMS_Skirt_Divided_CONNATE_0110060000.JPG,,EACH,N,,,N,,,
UNIFORMS,NETBALL UNIFORMS,Skirt Divided Fineknit,980000226,CONNATE,B.YELLOW,,,N,UNIFORMS_NETBALL_UNIFORMS_Skirt_Divided_Fineknit_CONNATE_0980000226.JPG,,EACH,N,,,N,,,
UNIFORMS,NETBALL UNIFORMS,Skirt Divided Olympia,980000224,CONNATE,B.YELLOW,,,N,UNIFORMS_NETBALL_UNIFORMS_Skirt_Divided_Olympia_CONNATE_0980000224.JPG,,EACH,N,,,N,,,
UNIFORMS,NETBALL UNIFORMS,Skirt Half Pleated,110050000,CONNATE,BLACK,,,N,UNIFORMS_NETBALL_UNIFORMS_Skirt_Half_Pleated_CONNATE_0110050000.JPG,,EACH,N,,,N,,,
UNIFORMS,NETBALL UNIFORMS,Skirt Plain,110030000,OTHERS,N.BLUE,,,N,,,EACH,N,,,N,,,
UNIFORMS,NETBALL UNIFORMS,Top Netball F/Knit,980107800,CONNATE,BROWN/WHITE,,,N,UNIFORMS_NETBALL_UNIFORMS_Top_Netball_F_Knit_CONNATE_0980107800.JPG,,EACH,N,,,N,,,
UNIFORMS,NETBALL UNIFORMS,Top Netball Olympia,980207800,CONNATE,DK.GREEN,,,N,UNIFORMS_NETBALL_UNIFORMS_Top_Netball_Olympia_CONNATE_0980207800.JPG,,EACH,N,,,N,,,
UNIFORMS,NETBALL UNIFORMS,Wrapover Netball Fineknit,980107600,CONNATE,BROWN/WHITE,,,N,UNIFORMS_NETBALL_UNIFORMS_Wrapover_Netball_Fineknit_CONNATE_0980107600.JPG,,EACH,N,,,N,,,
UNIFORMS,NETBALL UNIFORMS,Wrapover Netball Olympia,980207600,CONNATE,DK.GREEN,,,N,UNIFORMS_NETBALL_UNIFORMS_Wrapover_Netball_Olympia_CONNATE_0980207600.JPG,,EACH,N,,,N,,,
UNIFORMS,NETBALL UNIFORMS,Wrapover Netball Tropical,980000038,CONNATE,,,,N,UNIFORMS_NETBALL_UNIFORMS_Wrapover_Netball_Tropical_CONNATE_0980000038.JPG,,EACH,N,,,N,,,
UNIFORMS,RUGBY UNIFORMS,Rugby Jersey Cotton Drill,111000005,CONNATE,A.GREEN,,,N,UNIFORMS_RUGBY_UNIFORMS_Rugby_Jersey_Cotton_Drill_CONNATE_0111000005.JPG,,PC,N,,,N,,,
UNIFORMS,RUGBY UNIFORMS,Rugby Jersey Plain Grn/Blk,111000013,OTHERS,GREEN/BLACK/WHT,,,N,UNIFORMS_RUGBY_UNIFORMS_Rugby_Jersey_Plain_Grn_Blk_OTHERS_0111000013.JPG,,PC,N,,,N,,,
UNIFORMS,RUGBY UNIFORMS,Rugby Jersey Plain Ryl/Ylw,111000010,OTHERS,ROYAL/YELLOW/WHITE,,,N,UNIFORMS_RUGBY_UNIFORMS_Rugby_Jersey_Plain_Ryl_Ylw_OTHERS_0111000010.JPG,,PC,N,,,N,,,
UNIFORMS,RUGBY UNIFORMS,Rugby Jersey Poly Cotton,111030100,CONNATE,BLACK/WHITE,,,N,UNIFORMS_RUGBY_UNIFORMS_Rugby_Jersey_Poly_Cotton_CONNATE_0111030100.JPG,,EACH,N,,,N,,,
UNIFORMS,RUGBY UNIFORMS,Rugby Jersey S/Sleeves Barbarian,111000037,CONNATE,BLACK/WHITE,,,N,UNIFORMS_RUGBY_UNIFORMS_Rugby_Jersey_S_Sleeves_Barbarian_CONNATE_0111000037.JPG,,EACH,N,,,N,,,
UNIFORMS,RUGBY UNIFORMS,Rugby Shirt Authentic Replica Red Regular Fit,300000020,SAMURAI,RED,,,N,UNIFORMS_RUGBY_UNIFORMS_Rugby_Shirt_Authentic_Replica_Red_Regular_Fit_SAMURAI_0300000020.JPG,,EACH,N,,,N,,,
UNIFORMS,RUGBY UNIFORMS,Rugby Shirt Club Pro Fit Ikoma,300000028,SAMURAI,BLACK/RED/WHITE,,,N,UNIFORMS_RUGBY_UNIFORMS_Rugby_Shirt_Club_Pro_Fit_Ikoma_SAMURAI_0300000028.JPG,,PC,N,,,N,,,
UNIFORMS,RUGBY UNIFORMS,Rugby Shirt Elitex S/S,300000041,SAMURAI,BLACK/RED,,,N,,,PCS,N,,,N,,,
UNIFORMS,RUGBY UNIFORMS,Rugby Shirt Elitex S/S,300000042,SAMURAI,BLACK/RED,,,N,,,PCS,N,,,N,,,
UNIFORMS,RUGBY UNIFORMS,Rugby Shirt Ikoma 6,300000030,SAMURAI,ROYAL/WHITE,,,N,UNIFORMS_RUGBY_UNIFORMS_Rugby_Shirt_Ikoma_6_SAMURAI_0300000030.JPG,,PC,N,,,N,,,
UNIFORMS,RUGBY UNIFORMS,Rugby Shirt Ikoma Grandad Collar,300000029,SAMURAI,BLACK/RED/WHITE,,,N,UNIFORMS_RUGBY_UNIFORMS_Rugby_Shirt_Ikoma_Grandad_Collar_SAMURAI_0300000029.JPG,,PC,N,,,N,,,
UNIFORMS,RUGBY UNIFORMS,Rugby Shirt Ikoma Samoan Collar,300000035,SAMURAI,B.GREEN/WHITE,,,N,UNIFORMS_RUGBY_UNIFORMS_Rugby_Shirt_Ikoma_Samoan_Collar_SAMURAI_0300000035.JPG,,PC,N,,,N,,,
UNIFORMS,RUGBY UNIFORMS,Rugby Shirt Power,113000001,KOOGA,BLACK,,,N,UNIFORMS_RUGBY_UNIFORMS_Rugby_Shirt_Power_KOOGA_0113000001.JPG,,PC,N,,,N,,,
UNIFORMS,RUGBY UNIFORMS,Rugby Shirt R-N Elite Tight Fit Match,113000011,KOOGA,BLACK/GOLD,,,N,UNIFORMS_RUGBY_UNIFORMS_Rugby_Shirt_R_N_Elite_Tight_Fit_Match_KOOGA_0113000011.JPG,,PC,N,,,N,,,
UNIFORMS,RUGBY UNIFORMS,Rugby Shirt R-N Try Panel Match,113000012,KOOGA,NAVY/WHITE,,,N,UNIFORMS_RUGBY_UNIFORMS_Rugby_Shirt_R_N_Try_Panel_Match_KOOGA_0113000012.JPG,,PC,N,,,N,,,
UNIFORMS,RUGBY UNIFORMS,Rugby Shirt R-N Try Panel Match,113000013,KOOGA,BLACK/RED,,,N,UNIFORMS_RUGBY_UNIFORMS_Rugby_Shirt_R_N_Try_Panel_Match_KOOGA_0113000013.JPG,,PC,N,,,N,,,
UNIFORMS,RUGBY UNIFORMS,Rugby Shirt Stadium Match,113000014,KOOGA,ROYAL/WHITE,,,N,UNIFORMS_RUGBY_UNIFORMS_Rugby_Shirt_Stadium_Match_KOOGA_0113000014.JPG,,PC,N,,,N,,,
UNIFORMS,RUGBY UNIFORMS,Rugby Shirt Teamwear & Short Marrayfield Adult,111000044,KOOGA,ROYAL/WHITE,,,N,UNIFORMS_RUGBY_UNIFORMS_Rugby_Shirt_Teamwear_Short_Marrayfield_Adult_KOOGA_0111000044.JPG,,PC,N,,,N,,,
UNIFORMS,RUGBY UNIFORMS,Rugby Shirt Teamwear & Short Marrayfield Adult,111000045,KOOGA,NAVY/RED,,,N,UNIFORMS_RUGBY_UNIFORMS_Rugby_Shirt_Teamwear_Short_Marrayfield_Adult_KOOGA_0111000045.JPG,,PC,N,,,N,,,
UNIFORMS,RUGBY UNIFORMS,Rugby Shirt Teamwear & Short Marrayfield Adult,111000046,KOOGA,BLACK/RED,,,N,UNIFORMS_RUGBY_UNIFORMS_Rugby_Shirt_Teamwear_Short_Marrayfield_Adult_KOOGA_0111000046.JPG,,PC,N,,,N,,,
UNIFORMS,RUGBY UNIFORMS,Rugby Shirt Teamwear & Short Marrayfield Adult,111000047,KOOGA,BLACK/GOLD,,,N,UNIFORMS_RUGBY_UNIFORMS_Rugby_Shirt_Teamwear_Short_Marrayfield_Adult_KOOGA_0111000047.JPG,,PC,N,,,N,,,
UNIFORMS,RUGBY UNIFORMS,Short Murrayfield Adults Rugby,113000010,KOOGA,BLACK,,,N,UNIFORMS_RUGBY_UNIFORMS_Short_Murrayfield_Adults_Rugby_KOOGA_0113000010.JPG,,PC,N,,,N,,,
UNIFORMS,RUGBY UNIFORMS,Short Murrayfield Adults Rugby,113000015,KOOGA,NAVY,,,N,UNIFORMS_RUGBY_UNIFORMS_Short_Murrayfield_Adults_Rugby_KOOGA_0113000015.JPG,,PC,N,,,N,,,
UNIFORMS,RUGBY UNIFORMS,Short Power Cycle Phase Ii Black,111000039,KOOGA,BLACK,,,N,UNIFORMS_RUGBY_UNIFORMS_Short_Power_Cycle_Phase_Ii_Black_KOOGA_0111000039.JPG,,PAIR,N,,,N,,,
UNIFORMS,RUGBY UNIFORMS,Short Power Cycle Phase Ii Navy,111000040,KOOGA,NAVY,,,N,UNIFORMS_RUGBY_UNIFORMS_Short_Power_Cycle_Phase_Ii_Navy_KOOGA_0111000040.JPG,,PAIR,N,,,N,,,
UNIFORMS,RUGBY UNIFORMS,Short Professional,300000031,SAMURAI,BLACK,,,N,UNIFORMS_RUGBY_UNIFORMS_Short_Professional_SAMURAI_0300000031.JPG,,PC,N,,,N,,,
UNIFORMS,RUGBY UNIFORMS,Short Rugby-Elastic,111020600,CONNATE,BLACK,,,N,UNIFORMS_RUGBY_UNIFORMS_Short_Rugby_Elastic_CONNATE_0111020600.JPG,,EACH,N,,,N,,,
UNIFORMS,RUGBY UNIFORMS,Stockings Premier Euro,300000032,SAMURAI,B.GREEN,,,N,UNIFORMS_RUGBY_UNIFORMS_Stockings_Premier_Euro_SAMURAI_0300000032.JPG,,PAIR,N,,,N,,,
UNIFORMS,RUGBY UNIFORMS,Stockings Technical Performance,113000016,KOOGA,BLACK,,,N,UNIFORMS_RUGBY_UNIFORMS_Stockings_Technical_Performance_KOOGA_0113000016.JPG,,PAIR,N,,,N,,,
UNIFORMS,RUGBY UNIFORMS,Stockings Technical Performance,113000017,KOOGA,ROYAL,,,N,UNIFORMS_RUGBY_UNIFORMS_Stockings_Technical_Performance_KOOGA_0113000017.JPG,,PAIR,N,,,N,,,
UNIFORMS,RUGBY UNIFORMS,Stockings Technical Performance,113000018,KOOGA,NAVY,,,N,UNIFORMS_RUGBY_UNIFORMS_Stockings_Technical_Performance_KOOGA_0113000018.JPG,,PAIR,N,,,N,,,
UNIFORMS,RUGBY UNIFORMS,Stockings Tri Nation,300000033,SAMURAI,BLACK/RED,,,N,UNIFORMS_RUGBY_UNIFORMS_Stockings_Tri_Nation_SAMURAI_0300000033.JPG,,PAIR,N,,,N,,,
UNIFORMS,TAE KWONDO UNIFORMS,Tae Kwondo Suit Adult,980000077,CONNATE,WHITE,,,N,UNIFORMS_TAE_KWONDO_UNIFORMS_Tae_Kwondo_Suit_Adult_CONNATE_0980000077.JPG,,EACH,N,,,N,,,
UNIFORMS,TAE KWONDO UNIFORMS,Tae Kwondo Suit Adult,980000259,CONNATE,WHITE/BLACK,,,N,UNIFORMS_TAE_KWONDO_UNIFORMS_Tae_Kwondo_Suit_Adult_CONNATE_0980000259.JPG,,PC,N,,,N,,,
UNIFORMS,TAE KWONDO UNIFORMS,Tae Kwondo Suit Children,980000078,CONNATE,WHITE,,,N,UNIFORMS_TAE_KWONDO_UNIFORMS_Tae_Kwondo_Suit_Children_CONNATE_0980000078.JPG,,EACH,N,,,N,,,
UNIFORMS,TAE KWONDO UNIFORMS,Tae Kwondo Suit Daedo/Spud Gee,980000268,CONNATE,,,,N,UNIFORMS_TAE_KWONDO_UNIFORMS_Tae_Kwondo_Suit_Daedo_Spud_Gee_CONNATE_0980000268.JPG,,EACH,N,,,N,,,
UNIFORMS,TAE KWONDO UNIFORMS,Tae Kwondo Suit Itfu #110-150 White,980000358,TOP TEN,WHITE,,,N,UNIFORMS_TAE_KWONDO_UNIFORMS_Tae_Kwondo_Suit_Itfu_110_150_White_TOP_TEN_0980000358.JPG,,PC,N,,,Y,01/02/2016,15/03/2016,
UNIFORMS,TAE KWONDO UNIFORMS,Tae Kwondo Suit Youth,980000258,CONNATE,WHITE/BLACK,,,N,UNIFORMS_TAE_KWONDO_UNIFORMS_Tae_Kwondo_Suit_Youth_CONNATE_0980000258.JPG,Size 110-150,PC,N,,,N,,,
UNIFORMS,VOLLEYBALL UNIFORMS,Jersey Volleyball Olympia,980206200,CONNATE,,,,N,UNIFORMS_VOLLEYBALL_UNIFORMS_Jersey_Volleyball_Olympia_CONNATE_0980206200.JPG,,EACH,N,,,N,,,
UNIFORMS,VOLLEYBALL UNIFORMS,Shorts Volleyball Dia,980306400,CONNATE,,,,N,UNIFORMS_VOLLEYBALL_UNIFORMS_Shorts_Volleyball_Dia_CONNATE_0980306400.JPG,,EACH,N,,,N,,,
UNIFORMS,VOLLEYBALL UNIFORMS,Top Ladies Volleyball Rice Knit,980000284,CONNATE,B.YELLOW,,,N,UNIFORMS_VOLLEYBALL_UNIFORMS_Top_Ladies_Volleyball_Rice_Knit_CONNATE_0980000284.JPG,,EACH,N,,,N,,,
UNIFORMS,VOLLEYBALL UNIFORMS,Top Volleyball Lycra Ladies,980000269,CONNATE,,,,N,UNIFORMS_VOLLEYBALL_UNIFORMS_Top_Volleyball_Lycra_Ladies_CONNATE_0980000269.JPG,,PC,N,,,N,,,
UNIFORMS,VOLLEYBALL UNIFORMS,Volleyball Uniform Fineknit Plain (Set Of 12),981100112,CONNATE,B.YELLOW,,,N,UNIFORMS_VOLLEYBALL_UNIFORMS_Volleyball_Uniform_Fineknit_Plain_Set_Of_12_CONNATE_0981100112.JPG,,SET,N,,,N,,,
UNIFORMS,VOLLEYBALL UNIFORMS,Volleyball Uniform Fineknit Plain Junior (Set Of 12),981101112,CONNATE,B.YELLOW/WHITE,,,N,UNIFORMS_VOLLEYBALL_UNIFORMS_Volleyball_Uniform_Fineknit_Plain_Junior_Set_Of_12_CONNATE_0981101112.JPG,,SET,N,,,N,,,
UNIFORMS,VOLLEYBALL UNIFORMS,Volleyball Uniform Fineknit Simba (Set Of 12),981100412,CONNATE,B.YELLOW/WHITE,,,N,UNIFORMS_VOLLEYBALL_UNIFORMS_Volleyball_Uniform_Fineknit_Simba_Set_Of_12_CONNATE_0981100412.JPG,,SET,N,,,N,,,
UNIFORMS,VOLLEYBALL UNIFORMS,Volleyball Uniform Fineknit Simba Junior (Set Of 12),981101412,CONNATE,B.YELLOW/WHITE,,,N,UNIFORMS_VOLLEYBALL_UNIFORMS_Volleyball_Uniform_Fineknit_Simba_Junior_Set_Of_12_CONNATE_0981101412.JPG,,SET,N,,,N,,,
UNIFORMS,VOLLEYBALL UNIFORMS,Volleyball Uniform J/S Ladies Hagi (Set 15),982000005,MIKASA,,,,Y,UNIFORMS_VOLLEYBALL_UNIFORMS_Volleyball_Uniform_J_S_Ladies_Hagi_Set_15_MIKASA_0982000005.JPG,,SET,N,,,N,,,
UNIFORMS,VOLLEYBALL UNIFORMS,Volleyball Uniform J/S Ladies Koi (Set Of 15),982000001,MIKASA,BLACK/RED/WHITE,,,N,UNIFORMS_VOLLEYBALL_UNIFORMS_Volleyball_Uniform_J_S_Ladies_Koi_Set_Of_15_MIKASA_0982000001.JPG,,SET,N,,,N,,,
UNIFORMS,VOLLEYBALL UNIFORMS,Volleyball Uniform J/S Ladies Nobu/Jump (Set 15),982000003,MIKASA,GREY/NAVY,,,Y,UNIFORMS_VOLLEYBALL_UNIFORMS_Volleyball_Uniform_J_S_Ladies_Nobu_Jump_Set_15_MIKASA_0982000003.JPG,,SET,N,,,N,,,
UNIFORMS,VOLLEYBALL UNIFORMS,Volleyball Uniform J/S Mens Arisa/Ken (Set 15),982000010,MIKASA,,,,N,UNIFORMS_VOLLEYBALL_UNIFORMS_Volleyball_Uniform_J_S_Mens_Arisa_Ken_Set_15_MIKASA_0982000010.JPG,,SET,N,,,N,,,
UNIFORMS,VOLLEYBALL UNIFORMS,Volleyball Uniform J/S Mens Gosen (Set 15),982000009,MIKASA,,,,Y,UNIFORMS_VOLLEYBALL_UNIFORMS_Volleyball_Uniform_J_S_Mens_Gosen_Set_15_MIKASA_0982000009.JPG,,SET,N,,,N,,,
UNIFORMS,VOLLEYBALL UNIFORMS,Volleyball Uniform J/S Mens Kami (Set 15),982000007,MIKASA,,,,N,UNIFORMS_VOLLEYBALL_UNIFORMS_Volleyball_Uniform_J_S_Mens_Kami_Set_15_MIKASA_0982000007.JPG,,SET,N,,,N,,,
UNIFORMS,VOLLEYBALL UNIFORMS,Volleyball Uniform J/S Mens Odake (Set 15),982000008,MIKASA,BLACK/RED,,,N,UNIFORMS_VOLLEYBALL_UNIFORMS_Volleyball_Uniform_J_S_Mens_Odake_Set_15_MIKASA_0982000008.JPG,,SET,N,,,N,,,
UNIFORMS,VOLLEYBALL UNIFORMS,Volleyball Uniform Ladies,980000261,MIKASA,,,,N,,,SET,N,,,N,,,
UNIFORMS,VOLLEYBALL UNIFORMS,Volleyball Uniform Mens J/S Sagami (Set Of 15),982000002,MIKASA,,,,Y,UNIFORMS_VOLLEYBALL_UNIFORMS_Volleyball_Uniform_Mens_J_S_Sagami_Set_Of_15_MIKASA_0982000002.JPG,,SET,N,,,N,,,
UNIFORMS,VOLLEYBALL UNIFORMS,Volleyball Uniform Olympia Munich,981200412,CONNATE,B.YELL/WHT/BLACK,,,N,UNIFORMS_VOLLEYBALL_UNIFORMS_Volleyball_Uniform_Olympia_Munich_CONNATE_0981200412.JPG,,SET,N,,,N,,,
UNIFORMS,VOLLEYBALL UNIFORMS,Volleyball Uniform Olympia Munich Junior,981201412,CONNATE,B YELLOW/BLACK/WHITE,,,N,,,SET,N,,,N,,,
VOLLEYBALL,VOLLEYBALL ACCESSORIES,Side Bands For Antenna,280000717,MIKASA,,,,N,VOLLEYBALL_VOLLEYBALL_ACCESSORIES_Side_Bands_For_Antenna_MIKASA_0280000717.JPG,,PC,N,,,N,,,
VOLLEYBALL,VOLLEYBALL ACCESSORIES,Volleyball Antenna,280000523,GISCO,,,,N,VOLLEYBALL_VOLLEYBALL_ACCESSORIES_Volleyball_Antenna_GISCO_0280000523.JPG,,EACH,N,,,N,,,
VOLLEYBALL,VOLLEYBALL ACCESSORIES,Volleyball Antenna For Net,280000117,MIKASA,,,,N,VOLLEYBALL_VOLLEYBALL_ACCESSORIES_Volleyball_Antenna_For_Net_MIKASA_0280000117.JPG,,SET,N,,,N,,,
VOLLEYBALL,VOLLEYBALL ACCESSORIES,Volleyball Tactics Board,2300000218,MIKASA,,,,N,VOLLEYBALL_VOLLEYBALL_ACCESSORIES_Volleyball_Tactics_Board_MIKASA_2300000218.JPG,,PC,N,,,N,,,
VOLLEYBALL,VOLLEYBALL ACCESSORIES,Volleyball Tactics Board 30X45,2300000143,CONNATE,,,,N,VOLLEYBALL_VOLLEYBALL_ACCESSORIES_Volleyball_Tactics_Board_30X45_CONNATE_2300000143.JPG,Size 30 X 45 cm,EACH,N,,,N,,,
VOLLEYBALL,VOLLEYBALL ACCESSORIES,Volleyball Tactics Board 45X60,2300000147,CONNATE,,,,N,VOLLEYBALL_VOLLEYBALL_ACCESSORIES_Volleyball_Tactics_Board_45X60_CONNATE_2300000147.JPG,Size 45 X 60 cm,EACH,N,,,N,,,
VOLLEYBALL,VOLLEYBALL NETS & POSTS,Volleyball Net,2300000007,CONNATE,,,,N,VOLLEYBALL_VOLLEYBALL_NETS_POSTS_Volleyball_Net_CONNATE_2300000007.JPG,,PC,N,,,N,,,
VOLLEYBALL,VOLLEYBALL NETS & POSTS,Volleyball Net,2300000017,GISCO,,,,N,VOLLEYBALL_VOLLEYBALL_NETS_POSTS_Volleyball_Net_GISCO_2300000017.JPG,,EACH,N,,,N,,,
VOLLEYBALL,VOLLEYBALL NETS & POSTS,Volleyball Net,2300000084,MIKASA,,,,N,VOLLEYBALL_VOLLEYBALL_NETS_POSTS_Volleyball_Net_MIKASA_2300000084.JPG,,EACH,N,,,N,,,
VOLLEYBALL,VOLLEYBALL NETS & POSTS,Volleyball Net Cotton,2300000079,JOEREX,,,,N,VOLLEYBALL_VOLLEYBALL_NETS_POSTS_Volleyball_Net_Cotton_JOEREX_2300000079.JPG,,PC,N,,,N,,,
VOLLEYBALL,VOLLEYBALL NETS & POSTS,Volleyball Net Knotless,2300000126,GISCO,,,,N,VOLLEYBALL_VOLLEYBALL_NETS_POSTS_Volleyball_Net_Knotless_GISCO_2300000126.JPG,,EACH,N,,,N,,,
VOLLEYBALL,VOLLEYBALL NETS & POSTS,Volleyball Net Olympic,2300000163,GISCO,,,,N,VOLLEYBALL_VOLLEYBALL_NETS_POSTS_Volleyball_Net_Olympic_GISCO_2300000163.JPG,,EACH,N,,,N,,,
VOLLEYBALL,VOLLEYBALL NETS & POSTS,Volleyball Net Traditional 36F,2300000055,GISCO,,,,N,VOLLEYBALL_VOLLEYBALL_NETS_POSTS_Volleyball_Net_Traditional_36F_GISCO_2300000055.JPG,,EACH,N,,,N,,,
VOLLEYBALL,VOLLEYBALL NETS & POSTS,Volleyball Net With Wire,2300000025,GISCO,,,,N,VOLLEYBALL_VOLLEYBALL_NETS_POSTS_Volleyball_Net_With_Wire_GISCO_2300000025.JPG,,EACH,N,,,N,,,
VOLLEYBALL,VOLLEYBALL NETS & POSTS,Volleyball Net With Wire,2300000121,CONNATE,,,,N,VOLLEYBALL_VOLLEYBALL_NETS_POSTS_Volleyball_Net_With_Wire_CONNATE_2300000121.JPG,,PC,N,,,N,,,
VOLLEYBALL,VOLLEYBALL NETS & POSTS,Volleyball Net With Wire Beach Classic,2300000222,GISCO,,,,N,,,PC,N,,,N,,,
VOLLEYBALL,VOLLEYBALL NETS & POSTS,Volleyball Net Without Wire,2300000008,GISCO,,,,N,VOLLEYBALL_VOLLEYBALL_NETS_POSTS_Volleyball_Net_Without_Wire_GISCO_2300000008.JPG,,EACH,N,,,N,,,
VOLLEYBALL,VOLLEYBALL NETS & POSTS,Volleyball Net Without Wire,2300000120,CONNATE,,,,N,VOLLEYBALL_VOLLEYBALL_NETS_POSTS_Volleyball_Net_Without_Wire_CONNATE_2300000120.JPG,,PC,N,,,N,,,
VOLLEYBALL,VOLLEYBALL UNIFORMS,Jersey Volleyball Olympia,980206200,CONNATE,,,,N,VOLLEYBALL_VOLLEYBALL_UNIFORMS_Jersey_Volleyball_Olympia_CONNATE_0980206200.JPG,,EACH,N,,,N,,,
VOLLEYBALL,VOLLEYBALL UNIFORMS,Shorts Volleyball Dia,980306400,CONNATE,,,,N,VOLLEYBALL_VOLLEYBALL_UNIFORMS_Shorts_Volleyball_Dia_CONNATE_0980306400.JPG,,EACH,N,,,N,,,
VOLLEYBALL,VOLLEYBALL UNIFORMS,Top Ladies Volleyball Rice Knit,980000284,CONNATE,B.YELLOW,,,N,VOLLEYBALL_VOLLEYBALL_UNIFORMS_Top_Ladies_Volleyball_Rice_Knit_CONNATE_0980000284.JPG,,EACH,N,,,N,,,
VOLLEYBALL,VOLLEYBALL UNIFORMS,Top Volleyball Lycra Ladies,980000269,CONNATE,,,,N,VOLLEYBALL_VOLLEYBALL_UNIFORMS_Top_Volleyball_Lycra_Ladies_CONNATE_0980000269.JPG,,PC,N,,,N,,,
VOLLEYBALL,VOLLEYBALL UNIFORMS,Volleyball Uniform Fineknit Plain (Set Of 12),981100112,CONNATE,B.YELLOW,,,N,VOLLEYBALL_VOLLEYBALL_UNIFORMS_Volleyball_Uniform_Fineknit_Plain_Set_Of_12_CONNATE_0981100112.JPG,,SET,N,,,N,,,
VOLLEYBALL,VOLLEYBALL UNIFORMS,Volleyball Uniform Fineknit Plain Junior (Set Of 12),981101112,CONNATE,B.YELLOW/WHITE,,,N,VOLLEYBALL_VOLLEYBALL_UNIFORMS_Volleyball_Uniform_Fineknit_Plain_Junior_Set_Of_12_CONNATE_0981101112.JPG,,SET,N,,,N,,,
VOLLEYBALL,VOLLEYBALL UNIFORMS,Volleyball Uniform Fineknit Simba (Set Of 12),981100412,CONNATE,B.YELLOW/WHITE,,,N,VOLLEYBALL_VOLLEYBALL_UNIFORMS_Volleyball_Uniform_Fineknit_Simba_Set_Of_12_CONNATE_0981100412.JPG,,SET,N,,,N,,,
VOLLEYBALL,VOLLEYBALL UNIFORMS,Volleyball Uniform Fineknit Simba Junior (Set Of 12),981101412,CONNATE,B.YELLOW/WHITE,,,N,VOLLEYBALL_VOLLEYBALL_UNIFORMS_Volleyball_Uniform_Fineknit_Simba_Junior_Set_Of_12_CONNATE_0981101412.JPG,,SET,N,,,N,,,
VOLLEYBALL,VOLLEYBALL UNIFORMS,Volleyball Uniform J/S Ladies Hagi (Set 15),982000005,MIKASA,,,,Y,VOLLEYBALL_VOLLEYBALL_UNIFORMS_Volleyball_Uniform_J_S_Ladies_Hagi_Set_15_MIKASA_0982000005.JPG,,SET,N,,,N,,,
VOLLEYBALL,VOLLEYBALL UNIFORMS,Volleyball Uniform J/S Ladies Koi (Set Of 15),982000001,MIKASA,BLACK/RED/WHITE,,,N,VOLLEYBALL_VOLLEYBALL_UNIFORMS_Volleyball_Uniform_J_S_Ladies_Koi_Set_Of_15_MIKASA_0982000001.JPG,,SET,N,,,N,,,
VOLLEYBALL,VOLLEYBALL UNIFORMS,Volleyball Uniform J/S Ladies Nobu/Jump (Set 15),982000003,MIKASA,GREY/NAVY,,,Y,VOLLEYBALL_VOLLEYBALL_UNIFORMS_Volleyball_Uniform_J_S_Ladies_Nobu_Jump_Set_15_MIKASA_0982000003.JPG,,SET,N,,,N,,,
VOLLEYBALL,VOLLEYBALL UNIFORMS,Volleyball Uniform J/S Mens Arisa/Ken (Set 15),982000010,MIKASA,,,,N,VOLLEYBALL_VOLLEYBALL_UNIFORMS_Volleyball_Uniform_J_S_Mens_Arisa_Ken_Set_15_MIKASA_0982000010.JPG,,SET,N,,,N,,,
VOLLEYBALL,VOLLEYBALL UNIFORMS,Volleyball Uniform J/S Mens Gosen (Set 15),982000009,MIKASA,,,,Y,VOLLEYBALL_VOLLEYBALL_UNIFORMS_Volleyball_Uniform_J_S_Mens_Gosen_Set_15_MIKASA_0982000009.JPG,,SET,N,,,N,,,
VOLLEYBALL,VOLLEYBALL UNIFORMS,Volleyball Uniform J/S Mens Kami (Set 15),982000007,MIKASA,,,,N,VOLLEYBALL_VOLLEYBALL_UNIFORMS_Volleyball_Uniform_J_S_Mens_Kami_Set_15_MIKASA_0982000007.JPG,,SET,N,,,N,,,
VOLLEYBALL,VOLLEYBALL UNIFORMS,Volleyball Uniform J/S Mens Odake (Set 15),982000008,MIKASA,BLACK/RED,,,N,VOLLEYBALL_VOLLEYBALL_UNIFORMS_Volleyball_Uniform_J_S_Mens_Odake_Set_15_MIKASA_0982000008.JPG,,SET,N,,,N,,,
VOLLEYBALL,VOLLEYBALL UNIFORMS,Volleyball Uniform Ladies,980000261,MIKASA,,,,N,,,SET,N,,,N,,,
VOLLEYBALL,VOLLEYBALL UNIFORMS,Volleyball Uniform Mens J/S Sagami (Set Of 15),982000002,MIKASA,,,,Y,VOLLEYBALL_VOLLEYBALL_UNIFORMS_Volleyball_Uniform_Mens_J_S_Sagami_Set_Of_15_MIKASA_0982000002.JPG,,SET,N,,,N,,,
VOLLEYBALL,VOLLEYBALL UNIFORMS,Volleyball Uniform Olympia Munich,981200412,CONNATE,B.YELL/WHT/BLACK,,,N,VOLLEYBALL_VOLLEYBALL_UNIFORMS_Volleyball_Uniform_Olympia_Munich_CONNATE_0981200412.JPG,,SET,N,,,N,,,
VOLLEYBALL,VOLLEYBALL UNIFORMS,Volleyball Uniform Olympia Munich Junior,981201412,CONNATE,B YELLOW/BLACK/WHITE,,,N,,,SET,N,,,N,,,
VOLLEYBALL,VOLLEYBALLS,Volleyball,530000107,SUPER-K,,1450,900,N,VOLLEYBALL_VOLLEYBALLS_Volleyball_SUPER_K_0530000107.JPG,,PC,Y,01/02/2016,29/02/2016,N,,,
VOLLEYBALL,VOLLEYBALLS,Volleyball,530000116,JOEREX,,,,Y,VOLLEYBALL_VOLLEYBALLS_Volleyball_JOEREX_0530000116.JPG,,PC,N,,,N,,,
VOLLEYBALL,VOLLEYBALLS,Volleyball # 4-Mv210,530000003,MIKASA,,,,N,VOLLEYBALL_VOLLEYBALLS_Volleyball_4_Mv210_MIKASA_0530000003.JPG,,EACH,N,,,N,,,
VOLLEYBALL,VOLLEYBALLS,Volleyball # 4-Vwl210,530000030,MIKASA,,,,N,VOLLEYBALL_VOLLEYBALLS_Volleyball_4_Vwl210_MIKASA_0530000030.JPG,Size 4,EACH,N,,,N,,,
VOLLEYBALL,VOLLEYBALLS,Volleyball #4-Mva200,530000087,MIKASA,,,,N,VOLLEYBALL_VOLLEYBALLS_Volleyball_4_Mva200_MIKASA_0530000087.JPG,Size 4,PC,N,,,N,,,
VOLLEYBALL,VOLLEYBALLS,Volleyball #4-Mva310,530000088,MIKASA,,,,N,VOLLEYBALL_VOLLEYBALLS_Volleyball_4_Mva310_MIKASA_0530000088.JPG,Size 4,PC,N,,,N,,,
VOLLEYBALL,VOLLEYBALLS,Volleyball #4-Mva330,530000089,MIKASA,,,,N,VOLLEYBALL_VOLLEYBALLS_Volleyball_4_Mva330_MIKASA_0530000089.JPG,Size 4,PC,N,,,N,,,
VOLLEYBALL,VOLLEYBALLS,Volleyball Advance Sport # 5-Mvo69,530000112,MESUCA,,,,N,VOLLEYBALL_VOLLEYBALLS_Volleyball_Advance_Sport_5_Mvo69_MESUCA_0530000112.JPG,,PC,N,,,N,,,
VOLLEYBALL,VOLLEYBALLS,Volleyball Agrade Leather # 4,530000078,CONNATE,,,,N,VOLLEYBALL_VOLLEYBALLS_Volleyball_Agrade_Leather_4_CONNATE_0530000078.JPG,Size 4, leather,EACH,N,,,N,,
VOLLEYBALL,VOLLEYBALLS,Volleyball Beach Camp,530000117,MIKASA,,,,N,VOLLEYBALL_VOLLEYBALLS_Volleyball_Beach_Camp_MIKASA_0530000117.JPG,,PC,N,,,N,,,
VOLLEYBALL,VOLLEYBALLS,Volleyball Beach Champ-Vxt20,530000096,MIKASA,,,,N,VOLLEYBALL_VOLLEYBALLS_Volleyball_Beach_Champ_Vxt20_MIKASA_0530000096.JPG,,PC,N,,,N,,,
VOLLEYBALL,VOLLEYBALLS,Volleyball Beach Classic-Vxl20,530000097,MIKASA,,,,N,VOLLEYBALL_VOLLEYBALLS_Volleyball_Beach_Classic_Vxl20_MIKASA_0530000097.JPG,,PC,N,,,N,,,
VOLLEYBALL,VOLLEYBALLS,Volleyball Beach Fun #4,530000082,CONNATE,,,,N,VOLLEYBALL_VOLLEYBALLS_Volleyball_Beach_Fun_4_CONNATE_0530000082.JPG,Size 4, Soft matt PVC top with synthetic lamination, Water proof, Official weight & size,PC,N,,,N
VOLLEYBALL,VOLLEYBALLS,Volleyball Beach Rubber,530000118,SUPER-K,,,,N,VOLLEYBALL_VOLLEYBALLS_Volleyball_Beach_Rubber_SUPER_K_0530000118.JPG,,PC,N,,,N,,,
VOLLEYBALL,VOLLEYBALLS,Volleyball Carbonium Ss,530000093,CONNATE,,1250,800,N,VOLLEYBALL_VOLLEYBALLS_Volleyball_Carbonium_Ss_CONNATE_0530000093.JPG,,PC,Y,01/02/2016,29/02/2016,N,,,
VOLLEYBALL,VOLLEYBALLS,Volleyball Cellular Hyper 10P Yel/Blue,530000105,MAZSA,,1800,1300,N,VOLLEYBALL_VOLLEYBALLS_Volleyball_Cellular_Hyper_10P_Yel_Blue_MAZSA_0530000105.JPG,,PC,Y,01/02/2016,29/02/2016,N,,,
VOLLEYBALL,VOLLEYBALLS,Volleyball Cellular Hyper 18P Blu/Yel/Wht,530000104,MAZSA,,1800,1300,N,VOLLEYBALL_VOLLEYBALLS_Volleyball_Cellular_Hyper_18P_Blu_Yel_Wht_MAZSA_0530000104.JPG,,PC,Y,01/02/2016,29/02/2016,N,,,
VOLLEYBALL,VOLLEYBALLS,Volleyball Conquer Beach Pu # 4,530000063,JOEREX,,,,N,VOLLEYBALL_VOLLEYBALLS_Volleyball_Conquer_Beach_Pu_4_JOEREX_0530000063.JPG,,EACH,N,,,N,,,
VOLLEYBALL,VOLLEYBALLS,Volleyball Dn Beach Time 2,530000109,ADIDAS,,,,Y,VOLLEYBALL_VOLLEYBALLS_Volleyball_Dn_Beach_Time_2_ADIDAS_0530000109.JPG,,PC,N,,,N,,,
VOLLEYBALL,VOLLEYBALLS,Volleyball Excellence Pu # 5,530000111,JOEREX,,,,N,VOLLEYBALL_VOLLEYBALLS_Volleyball_Excellence_Pu_5_JOEREX_0530000111.JPG,,PC,N,,,N,,,
VOLLEYBALL,VOLLEYBALLS,Volleyball Leather 1900 #5,530000119,MOLTEN,,,,N,VOLLEYBALL_VOLLEYBALLS_Volleyball_Leather_1900_5_MOLTEN_0530000119.JPG,,PC,N,,,N,,,
VOLLEYBALL,VOLLEYBALLS,Volleyball Leather Ts,530000092,CONNATE,,,,N,VOLLEYBALL_VOLLEYBALLS_Volleyball_Leather_Ts_CONNATE_0530000092.JPG,,PC,N,,,N,,,
VOLLEYBALL,VOLLEYBALLS,Volleyball Mat Ss,530000094,CONNATE,,,,N,VOLLEYBALL_VOLLEYBALLS_Volleyball_Mat_Ss_CONNATE_0530000094.JPG,,PC,N,,,N,,,
VOLLEYBALL,VOLLEYBALLS,Volleyball Pu #4,530000070,JOEREX,,,,N,VOLLEYBALL_VOLLEYBALLS_Volleyball_Pu_4_JOEREX_0530000070.JPG,Size 4,PC,N,,,N,,,
VOLLEYBALL,VOLLEYBALLS,Volleyball Pu Avs # 5,530000115,SUPER-K,,,,N,VOLLEYBALL_VOLLEYBALLS_Volleyball_Pu_Avs_5_SUPER_K_0530000115.JPG,,PC,N,,,N,,,
VOLLEYBALL,VOLLEYBALLS,Volleyball Pu Connate Traditional,530000106,CONNATE,,,,N,VOLLEYBALL_VOLLEYBALLS_Volleyball_Pu_Connate_Traditional_CONNATE_0530000106.JPG,,PC,N,,,N,,,
VOLLEYBALL,VOLLEYBALLS,Volleyball Pu Ss,530000113,CONNATE,,1300,900,N,VOLLEYBALL_VOLLEYBALLS_Volleyball_Pu_Ss_CONNATE_0530000113.JPG,,PC,Y,01/02/2016,29/02/2016,N,,,
VOLLEYBALL,VOLLEYBALLS,Volleyball Pu-Mvo68,530000108,MESUCA,,2200,1700,N,VOLLEYBALL_VOLLEYBALLS_Volleyball_Pu_Mvo68_MESUCA_0530000108.JPG,,PC,Y,01/02/2016,29/02/2016,N,,,
VOLLEYBALL,VOLLEYBALLS,Volleyball Pvc,530000071,JOEREX,,,,N,VOLLEYBALL_VOLLEYBALLS_Volleyball_Pvc_JOEREX_0530000071.JPG,Size 4,PC,N,,,N,,,
VOLLEYBALL,VOLLEYBALLS,Volleyball Pvc #5,530000079,JOEREX,,,,N,VOLLEYBALL_VOLLEYBALLS_Volleyball_Pvc_5_JOEREX_0530000079.JPG,Size 4,PC,N,,,N,,,
VOLLEYBALL,VOLLEYBALLS,Volleyball Pvc Avs # 5,530000114,SUPER-K,,,,N,VOLLEYBALL_VOLLEYBALLS_Volleyball_Pvc_Avs_5_SUPER_K_0530000114.JPG,,PC,N,,,N,,,
VOLLEYBALL,VOLLEYBALLS,Volleyball Rubber,530000060,SUPER-K,,1000,700,N,VOLLEYBALL_VOLLEYBALLS_Volleyball_Rubber_SUPER_K_0530000060.JPG,,EACH,Y,01/02/2016,29/02/2016,N,,,
VOLLEYBALL,VOLLEYBALLS,Volleyball Rubber # 5,530000074,JOEREX,,,,N,VOLLEYBALL_VOLLEYBALLS_Volleyball_Rubber_5_JOEREX_0530000074.JPG,size 5,EACH,N,,,N,,,
VOLLEYBALL,VOLLEYBALLS,Volleyball Rubber F.I.V.B # 5,530000121,MOLTEN,,,,N,VOLLEYBALL_VOLLEYBALLS_Volleyball_Rubber_F_I_V_B_5_MOLTEN_0530000121.JPG,,PC,N,,,N,,,
VOLLEYBALL,VOLLEYBALLS,Volleyball Rubber Soft For Beginners,530000122,MOLTEN,,,,N,VOLLEYBALL_VOLLEYBALLS_Volleyball_Rubber_Soft_For_Beginners_MOLTEN_0530000122.JPG,,PC,N,,,N,,,
VOLLEYBALL,VOLLEYBALLS,Volleyball Rubber Water Polo,530000123,MOLTEN,,,,N,VOLLEYBALL_VOLLEYBALLS_Volleyball_Rubber_Water_Polo_MOLTEN_0530000123.JPG,,PC,N,,,N,,,
VOLLEYBALL,VOLLEYBALLS,Volleyball Shoot 18 Panel # 4,530000039,CONNATE,,,,Y,VOLLEYBALL_VOLLEYBALLS_Volleyball_Shoot_18_Panel_4_CONNATE_0530000039.JPG,Size 4,18 panels,PC,N,,,N,,
VOLLEYBALL,VOLLEYBALLS,Volleyball Smash Wht/Red,530000101,CONNATE,,,,N,VOLLEYBALL_VOLLEYBALLS_Volleyball_Smash_Wht_Red_CONNATE_0530000101.JPG,White/red,PC,N,,,N,,,
VOLLEYBALL,VOLLEYBALLS,Volleyball Striker 18 Panel # 4,530000015,CONNATE,,,,Y,VOLLEYBALL_VOLLEYBALLS_Volleyball_Striker_18_Panel_4_CONNATE_0530000015.JPG,Size 4,18 panels,PC,N,,,N,,
VOLLEYBALL,VOLLEYBALLS,Volleyball Synthetic Leather # 5,530000124,MOLTEN,,,,N,VOLLEYBALL_VOLLEYBALLS_Volleyball_Synthetic_Leather_5_MOLTEN_0530000124.JPG,,PC,N,,,N,,,
VOLLEYBALL,VOLLEYBALLS,Volleyball Vb 2000,530000080,CONNATE,,1100,750,N,VOLLEYBALL_VOLLEYBALLS_Volleyball_Vb_2000_CONNATE_0530000080.JPG,,PC,Y,01/02/2016,29/02/2016,N,,,
VOLLEYBALL,VOLLEYBALLS,Volleyball Vb 3000 Xsoft #4,530000081,CONNATE,,,,N,VOLLEYBALL_VOLLEYBALLS_Volleyball_Vb_3000_Xsoft_4_CONNATE_0530000081.JPG,Size 4,PC,N,,,N,,,
VOLLEYBALL,VOLLEYBALLS,Volleyball White Waterproof #4-Vr220,530000044,MIKASA,,,,N,VOLLEYBALL_VOLLEYBALLS_Volleyball_White_Waterproof_4_Vr220_MIKASA_0530000044.JPG,Size 4,EACH,N,,,N,,,
VOLLEYBALL,VOLLEYBALLS,Volleyball Yellow/Blue Water Proof # 4-Mvr220,530000043,MIKASA,,,,N,VOLLEYBALL_VOLLEYBALLS_Volleyball_Yellow_Blue_Water_Proof_4_Mvr220_MIKASA_0530000043.JPG,Size 4,EACH,N,,,N,,,
VOLLEYBALL,VOLLEYBALLS,Water Polo #4,530000120,MIKASA,,,,N,VOLLEYBALL_VOLLEYBALLS_Water_Polo_4_MIKASA_0530000120.JPG,,PC,N,,,N,,,
